ticket_id,shot_id,provider,model,mode,resolution,duration_sec,cost_usd,wall_clock_ms,queue_time_ms,generation_time_ms,output_url,status,error,retry_count,timestamp
P1,slice_1,fal_ai,fal-ai/kling-video/v3/text-to-video,omni,1080p,10,1.4000000000000001,198896,0,198895,https://v3b.fal.media/files/b/0a977f5d/61H2oAcydn9nz7DeEjDUM_output.mp4,success,,0,2026-04-24T05:03:42.019Z
P1,slice_2,fal_ai,fal-ai/kling-video/v3/text-to-video,omni,1080p,10,1.4000000000000001,191112,0,191111,https://v3b.fal.media/files/b/0a977f70/pLSu-vB2_yCa2QGkbDbPS_output.mp4,success,,0,2026-04-24T05:06:53.131Z
P1,slice_3,fal_ai,fal-ai/kling-video/v3/text-to-video,omni,1080p,10,1.4000000000000001,208813,0,208814,https://v3b.fal.media/files/b/0a977f85/GzDDJCd0whGsau0vCU4dd_output.mp4,success,,0,2026-04-24T05:10:21.945Z
P1,slice_4,fal_ai,fal-ai/kling-video/v3/text-to-video,omni,1080p,10,1.4000000000000001,237524,0,237524,https://v3b.fal.media/files/b/0a977f9d/2is_jXvK0s35XscyaeENR_output.mp4,success,,0,2026-04-24T05:14:19.469Z
P1,slice_5,fal_ai,fal-ai/kling-video/v3/text-to-video,omni,1080p,10,1.4000000000000001,206906,0,206905,https://v3b.fal.media/files/b/0a978031/oOTK8r_KG7TYnSa-nC0Tr_output.mp4,success,,0,2026-04-24T05:39:03.131Z
P1,slice_6,fal_ai,fal-ai/kling-video/v3/text-to-video,omni,1080p,10,1.4000000000000001,203354,0,203355,https://v3b.fal.media/files/b/0a978045/wiQAEgYlxtpqD7mSA0CiF_output.mp4,success,,0,2026-04-24T05:42:26.486Z
P1,slice_7,fal_ai,fal-ai/kling-video/v3/text-to-video,omni,1080p,10,1.4000000000000001,180247,0,180247,https://v3b.fal.media/files/b/0a978058/dnaM6MCwUhA0iPr4c3KRg_output.mp4,success,,0,2026-04-24T05:45:26.734Z
P1,slice_8,fal_ai,fal-ai/kling-video/v3/text-to-video,omni,1080p,10,1.4000000000000001,175396,0,175395,https://v3b.fal.media/files/b/0a978069/PWDSqsgmNBTk37iwq8KRv_output.mp4,success,,0,2026-04-24T05:48:22.130Z
P1,slice_9,fal_ai,fal-ai/kling-video/v3/text-to-video,omni,1080p,10,1.4000000000000001,175689,0,175689,https://v3b.fal.media/files/b/0a97807b/G2nP732XxYGZJiwDebaxl_output.mp4,success,,0,2026-04-24T05:51:17.819Z
P1,slice_10,fal_ai,fal-ai/kling-video/v3/text-to-video,omni,1080p,10,1.4000000000000001,179663,0,179662,https://v3b.fal.media/files/b/0a97808d/4XqJGGeWKLI0h6Vk4LH2I_output.mp4,success,,0,2026-04-24T05:54:17.482Z
P1,slice_11,fal_ai,fal-ai/kling-video/v3/text-to-video,omni,1080p,10,1.4000000000000001,219334,0,219335,https://v3b.fal.media/files/b/0a9780a3/AwKeMMwYJq6-S8Xf3x9lE_output.mp4,success,,0,2026-04-24T05:57:56.817Z
P1,slice_12,fal_ai,fal-ai/kling-video/v3/text-to-video,omni,1080p,10,1.4000000000000001,214399,0,214400,https://v3b.fal.media/files/b/0a9780b8/XyEVTdx5yAOTvnx_pOSLZ_output.mp4,success,,0,2026-04-24T06:01:31.217Z
P1,slice_13,fal_ai,fal-ai/kling-video/v3/text-to-video,omni,1080p,10,1.4000000000000001,249767,0,193688,https://v3b.fal.media/files/b/0a9780d1/2xc2u3CmWI9R_55qN0462_output.mp4,success,,1,2026-04-24T06:05:40.984Z
P1,slice_14,fal_ai,fal-ai/kling-video/v3/text-to-video,omni,1080p,10,1.4000000000000001,206151,0,206151,https://v3b.fal.media/files/b/0a9780e6/s3e4-qTlWSIFMmP5lJwkn_output.mp4,success,,0,2026-04-24T06:09:07.136Z
P1,slice_15,fal_ai,fal-ai/kling-video/v3/text-to-video,omni,1080p,10,1.4000000000000001,211559,0,211559,https://v3b.fal.media/files/b/0a9780fb/uAp4d0sSDeSbl4VXYIMLx_output.mp4,success,,0,2026-04-24T06:12:38.695Z
P1,slice_16,fal_ai,fal-ai/kling-video/v3/text-to-video,omni,1080p,10,1.4000000000000001,211013,0,174208,https://v3b.fal.media/files/b/0a978110/nn9fYEyQFCwy6zYo3M_Cp_output.mp4,success,,2,2026-04-24T06:16:09.708Z
P1,slice_17,fal_ai,fal-ai/kling-video/v3/text-to-video,omni,1080p,10,1.4000000000000001,188771,0,188770,https://v3b.fal.media/files/b/0a978122/qRerycONnVRoOUUsPJ-pM_output.mp4,success,,0,2026-04-24T06:19:18.479Z
P1,slice_18,fal_ai,fal-ai/kling-video/v3/text-to-video,omni,1080p,10,1.4000000000000001,189248,0,189248,https://v3b.fal.media/files/b/0a978136/h3WfowhIshiZgCk1JpFb2_output.mp4,success,,0,2026-04-24T06:22:27.728Z
P2b,slice_1,fal_ai,fal-ai/wan-25-preview/text-to-video,standard,1080p,10,0.5,344040,0,344040,https://v3b.fal.media/files/b/0a9781ce/ZnpzJu5G2WNCU7xZqxWzn_qPcrg2UH.mp4,success,,0,2026-04-24T06:47:48.471Z
P2b,slice_3,fal_ai,fal-ai/wan-25-preview/text-to-video,standard,1080p,10,0.5,312316,0,312315,https://v3b.fal.media/files/b/0a9781ed/Cv3LKmXgAN6nx5ruD-0eG_vWS3nzMu.mp4,success,,0,2026-04-24T06:53:00.788Z
P2b,slice_5,fal_ai,fal-ai/wan-25-preview/text-to-video,standard,1080p,10,0.5,314664,0,314664,https://v3b.fal.media/files/b/0a97820d/BoHoq27fEFnSGc3IFobxL_pXkdQumc.mp4,success,,0,2026-04-24T06:58:15.452Z
P2b,slice_8,fal_ai,fal-ai/wan-25-preview/text-to-video,standard,1080p,10,0.5,336579,0,336579,https://v3b.fal.media/files/b/0a97822e/BnueODZ80IyOrpmkHmNbA_PpUqQqIN.mp4,success,,0,2026-04-24T07:03:52.032Z
P2b,slice_10,fal_ai,fal-ai/wan-25-preview/text-to-video,standard,1080p,10,0.5,304577,0,304577,https://v3b.fal.media/files/b/0a97824d/d4ZjRGIKaCdNgIikQb357_mKPCD5fI.mp4,success,,0,2026-04-24T07:08:56.609Z
P2b,slice_11,fal_ai,fal-ai/wan-25-preview/text-to-video,standard,unknown,10,0,33855,0,0,,failed,Unprocessable Entity,2,2026-04-24T07:09:30.465Z
P2b,slice_13,fal_ai,fal-ai/wan-25-preview/text-to-video,standard,unknown,10,0,31260,0,0,,failed,Unprocessable Entity,2,2026-04-24T07:10:01.725Z
P2b,slice_14,fal_ai,fal-ai/wan-25-preview/text-to-video,standard,unknown,10,0,33178,0,0,,failed,Unprocessable Entity,2,2026-04-24T07:10:34.903Z
P2b,slice_2,hedra,character-3,dialogue,720p,10,0.33,153200,0,153199,https://hedra-api-video-7403b54ec46c6386.s3.amazonaws.com/web-app-v2/video/e20ff286-8c5a-59b6-9d29-12881845e7b0/04ecd5e0-8bae-4f48-bdb9-0f0c085881d3.mp4?AWSAccessKeyId=ASIAWPIWCZPJKLRR3UYJ&Signature=o8QPuYMIXgHqE18ooV9rOZ9LSHM%3D&x-amz-security-token=IQoJb3JpZ2luX2VjEKv%2F%2F%2F%2F%2F%2F%2F%2F%2F%2FwEaCXVzLXdlc3QtMiJGMEQCIF59Q5ZfMwrFt2lazFNEIMR2iRpjI2r3rZiCD%2Bu7YFllAiACOeODyi20AUTb%2BKOJ6MOoA51w871UQ%2Fg776fHcybqLiqVBQh0EAEaDDQ0NTExMjMwNjY0MiIMLrGUPoNHeV3dseAsKvIEzcLTKh7FC%2BKyCqrc%2FXed7zxD07IQaA%2BKN%2F2K3yVyDntXTFTnMsQyCXv%2BpBre%2FZF7qz69t8zXrgIRLnxOlviJ3RSWCVGwemP%2BloN7Rndh2iJkMP4CrTdwd8NPScpkDKusYz0V5bnLfV%2FeelxY%2BRtul8oV6EuaVZ5eWPID1dzw8bIJiafcX3mHcZImL1s91EyBijPgjsnW9WMD6dul4ckZDp551mrmzvVVnK7dM4svFc0EK11N6vdGE6kxGJqx%2Fj2GH5Q9561CCdrRqrRVVI4s5tevBfWq0FzZvAsWaCZ6KGTGMuW2Qx3o7xWWnOMwSbivOeyewn1%2FgYmlDf20McvZbnOflCnceXpe0S2xfxkrByQb%2BZq4AhUJ1Pk%2F2VjdKP9WwN2f3vfp9rEErPjTkydGcFacD1IUCiRkgQClAqiK%2Fl1IGpPCofxH6Gr3PeWn7M4S3AlCSStvAuoOzQrHAhAXh7BPh7LX0RNWprfaU%2BbF0YVUI0NS6QG3Heb%2FeGG5EaMWGYZas4pna0zVJtSCZX%2FYIuJF0lQpXULIaeKLLLh4G88opQw2tFm82w53sJjG%2B5KP7%2B%2BnZT1r29BFEIFka5KpAiZVDkYABBCgp7vdlfjHBMrZqrBrsHeGDiI%2BBVae%2BjnnJJXPG5uyT99Rij9jfjnD6tk5SSuPRN2AdCLWLpHfmXf5WrzclFowu3vvIvPJusax6Gc3EEXSPkzYj2UbbKB7wCmUHlYfVWyfrCCVXl63%2BP28YovZpPcQdBfIS7V%2B95F7NcTc1%2FYYXaprwoDOnn0E%2FIvIcP0nDOSDKW7bXZJke7CyJ4xekRpJBFEr7BKyLatFr5Qw8rarzwY6kQFsi0vCH3nkEApniMFgL7wI6Qlp3oVjBMuAuvKQERpqCl6MVfQqZ%2FZZ%2F5bRVi9wLUmimDqcyIwJ917sKkwKeTDV6s4b5aFAel8QzSTt%2BgR218KTz7jKQGMsPrkHd56tx97qzIWYX3Wq3H8UpiH5FG0c9vYKE1b%2BH1TXf0jvPjZdX8inwCzn4SGPny73Y%2Bc8hEDM&Expires=1777018396,success,,0,2026-04-24T07:13:17.766Z
P2b,slice_4,hedra,character-3,dialogue,720p,10,0.33,210631,0,210631,https://hedra-api-video-7403b54ec46c6386.s3.amazonaws.com/web-app-v2/video/e20ff286-8c5a-59b6-9d29-12881845e7b0/4bc36f9b-5a6b-45bb-9405-fb5a1bc918d8.mp4?AWSAccessKeyId=ASIAWPIWCZPJMGUIV7OE&Signature=KjlrguO7Q9S6rrOqXEjhwPczfgE%3D&x-amz-security-token=IQoJb3JpZ2luX2VjEKv%2F%2F%2F%2F%2F%2F%2F%2F%2F%2FwEaCXVzLXdlc3QtMiJGMEQCIG%2BuOE7HtS7nfMK%2FsYDwUuY3rt5LUdGLGi6zBuxCgcr5AiBdxK1aV%2BSbrimT5VjWiHToqlOQAXOFj2pN9udtrHJroSqVBQh0EAEaDDQ0NTExMjMwNjY0MiIM8Gp%2FeH%2BmSeQHmglLKvIECrkt8h8ETyQPUymPA117bQYDUqiZgYR3yxaeCQNkL2u1E3HVYV1KWxeVecAZS%2FgLhj6dTUsOtvaOPkdvfwaP4iEymaEIY2SRuYScTaHPy%2BEtaSUn7mhSCWHY2vaEK5ODjMHcR0Ee1KYukNP4w4lygODAuM5GvLCxD5qYVd3o1Cf%2Fo2avJWozF3Gc95FeaehPdmVrY0Vy9ysGXyRhY3W9gUSsmsqziMwZZVr5sEbIncrXyFT9Gbf3QGo06mAgtJV62NCO2LVqC7cinGgeLHhr70YT9ONMVFikyyii9%2BYwlp0jGmQWUVcEHbpThEYd12g8n%2Fdn%2FOzERBMxOoWOJYFGz1rNJfVAjKUJeBztpi495xKzz8ydvdYfr1gffXNOQN30%2FOYKJ0WjiRry%2Fin014LCVRD9G%2B25B3EnAc8bQh5M79tR9nDEsYsy%2BDOaO36fF05jvA%2FYBSCUdiiHdbcOnZTk46Yi%2FEMw4GWtU17q%2Bk%2BmfnvNHD7DGb%2Fr6W1LRpTH%2Bfz8wkydjRC0Vz0dWBDL9EZ%2By%2FWdozvcRNTlcaeWQzl2qABhsUc6nRcmxzvxCoNaK6PgXSSag4sJ9OZ3jl9foEoBC8ZcIzI6KYKAtI2KfxREC3cgpIw%2FiLgCZZiZJBBlg9BN1V0anCa%2FG99b%2Btf6wSPbDzyNgzHDiigTSB%2BS57GneMgJ40rUj87%2F0%2BEiyk8dZLvoLTczg3vQ5MyWHGpfXdu5WU52ZYqcpPBSyTCDnv60FLtpdTZEA67rinL2OOh3%2BqKLa0tnvf4%2F86spq8Hh8yK5kVnDEQx37KoJ%2F%2F5d%2FRGfCfVMSliG0SK6kqevIAeAwoBvCwcwgrWrzwY6kQFHRxebx%2Be%2FxfNDXmICsJHKiv3wmkyNasP5dSM2R1oaaAU4854hoB5GzPDlyNG69GTWWja%2FxYo0PY68bSi%2Fi6cbOmxMVq3idOFNxJOcimz7t5ci1YyUTBIiLjgQFBuRPQ78%2BY3zEr9neAIdmkpZRHJwTu2qp7QejF6qV8zjrx%2BvEXyJi%2FITfvOsCJIJrMIMlYiI&Expires=1777018606,success,,0,2026-04-24T07:16:48.398Z
P2b,slice_6,hedra,character-3,dialogue,720p,10,0.33,185630,0,185629,https://hedra-api-video-7403b54ec46c6386.s3.amazonaws.com/web-app-v2/video/e20ff286-8c5a-59b6-9d29-12881845e7b0/a7b27361-e08f-4593-ba52-830a5a377b62.mp4?AWSAccessKeyId=ASIAWPIWCZPJEY72HGQT&Signature=NWgOQG4ckFw1LVqruH9o%2BDSCr%2Bo%3D&x-amz-security-token=IQoJb3JpZ2luX2VjEKv%2F%2F%2F%2F%2F%2F%2F%2F%2F%2FwEaCXVzLXdlc3QtMiJGMEQCIGqhqqC%2F7vPmolxdgQRMWIiWIZCLuhWCwlA3LXS7MFhGAiBccqlWcjTLW0C7SVRlSMMSSQRW7vcXIbhnQ7UWRBj7xiqVBQh0EAEaDDQ0NTExMjMwNjY0MiIMLixm66n0x94pWerkKvIEImeVviURmAHol2oh0WZFSUUGsj36zCt7UYlxcZjSHRWDlP5WAZrnzycFOsdubPFxz1w94zLxuziB2Zx2ffWzdqImrY90G6MWvSo9Nke6SfXtkdHqc83N92%2BPjesApyoZW2NVud%2BkHZJ1NXAdfSgEaLW6NvjjBrTg7qpVw7oQzxg05nnTv8DZB3mVX4Z9Qrj9kGs41LojmXCiY95DolxEtouRjuj7DN04mRz0iTFzdiGybbcMEZPAyLDw9ip38wBWi1QQ%2BwdAB9quDWJnVvI5%2BdBzUyLKlPLYrtov4f0XMM%2BHo3Ki0%2BmvpwopxkQ9MHw8Op5UoW3MNAxWSWF7fUYnOJRe3iXcfoCwOdnylFUSE5%2Bddx6UOQ9TPwQ6iGgRtTaZvF1Bp5zsWOV16M9P8Ee3mYZZlAnvvkqpsvGkBeXemgHWnU3h5KgMxgqP90OykllGxTAxJ3DdQx9OkABHyhZ72Oyq71XpnpOTHZHKolBvxEMPekDZ9dtB8E%2BqNrxCLeiUJPVR18uxNRpGTFsMAmMxRPrrZQOcj2l8rVrB4aZAZiCM%2BW7mt9jqaOjCTpYmF1yw93%2F6T2SBgjdfwFn48zrzyIAUPTUEUMM9ibLqtzvu%2Bd%2FrBjkwJAQ1AHBztRTycXupg7EY7vYJGb%2FCG%2BBxweHddtg4sPWHA%2FsTjJNLJq7B3zosimLNHbHYqY5r3oysHNyOyVYYLTdqkHLQ0XYr8if0mFjKS7iBbkwRLGvpZJ5ikXypvkL%2B3q4nxOgFMZQpucGL3FkW3w2m%2FwhA3gl1Bf6jzX%2F9bvrAaDyqMGvuEh6VJC5VlKqO76V%2FFiCsiMuG4NNZqQ0worGrzwY6kQEj0TiDlnB%2Fvyu%2BCYnYY0Y51e1mRNC%2FQQF3RGbkIk6PWh%2B1%2Fho85ghVyGm9WFl6Gu9I1KmDgPuXwB%2BeaR%2BhDEA43myj%2BJOjk6vxV%2FdRGF6e4sD1hQ42yLmz0PF8%2FTiypVPyO2mSmXFlVgEc1SWu67TDMi4Gz3oT4xjsZde6AQfCJCe2cDo2Kp3hN8ANKnwF1q4y&Expires=1777018793,success,,0,2026-04-24T07:19:54.029Z
P2b,slice_7,hedra,character-3,dialogue,720p,10,0.33,157591,0,157591,https://hedra-api-video-7403b54ec46c6386.s3.amazonaws.com/web-app-v2/video/e20ff286-8c5a-59b6-9d29-12881845e7b0/4258c788-8fd6-4002-8d80-75edf54cef12.mp4?AWSAccessKeyId=ASIAWPIWCZPJODKQFSNV&Signature=rAP7EylWqcVULvn7VBWXmZUtTx0%3D&x-amz-security-token=IQoJb3JpZ2luX2VjEKv%2F%2F%2F%2F%2F%2F%2F%2F%2F%2FwEaCXVzLXdlc3QtMiJGMEQCIDorcnBu0YuyRVgN1GhAnIUlf1XLEqmCnytcV9iWKx2bAiAkhzg5Xbi8ah%2F%2FUOpy92t0x3N2G8MZ%2FxCPVErekQzCQSqVBQh0EAEaDDQ0NTExMjMwNjY0MiIM%2FfalTOWdkj2HEI7pKvIEYX%2FZtEBbP8K9tMJ8AUWpwkgnDKD9f43uwtu8BY9QGdkGSb4fVT5u7igwn7KD8RJOcHSIG3XKbtjhhwW4vK9IJ7kpcBecYK0mGnFBX0tAjUtOL8qI3rACfUVbUG83BDfEY0eyKXhG8y7erElU4h0qV06devKPY7ILZj9CiznoChkVaEJ0cliNe2stkWvm2lBSjxRCOr4Tc0yUkDZb6eUgzTygZ3VDAFtVets%2Bn%2B8VCsklH%2BsMEXLFlQ1k7mGpI6QFr5YraKFlukbo6FbnE3uevFahu1mL2VGV2wD2Mndhl84KiRyYlMcD%2FZR6wNjKL0g%2F2Rch0JuibqUIe16NMi6D6UUhkd8KWu7HV1jiGaEtg8XGO572NJINCsBVzny%2F21hsqfkYwQBUnOrm21QuiJenUXtH4PHmmfZzn2p5pw67s58lvn4IKdlR6yipLt8%2Bpo7yyoBAhirGUsRzLyQePQJWa3aB4FljWyr4C6a5%2BL3OqPnQgD4tH66%2BYLxmEzzZ7VnslRkze%2BDsbAhzYQwM%2Fs6SVrkaTmb9TzTtq8M1VfmRryKezFjWjTDqcgbEJgWgHyzgnpwDnDnNodNo%2BunLUheUqrtZTBHsz9m1djaS2nL23ZdOvXi4whZM1wPb1nuk%2Fro6ZbsuV4Z8uRnFvjBALzDzBh1k%2F0dzyYLh8S4Cat1atGX%2BIt1mvOjcPvIm%2BgEx6qmSeDcnGWJBfiL9wYy4q28VYQGmwHfHmgUIB6%2FJkRrkF9OOL%2BQZpg2REqMm9sC7aUEVGIhhO9PL0dshkas58uojI0DKYSpZtWpQXKVlN%2Bxt8iwq7XF%2FdhgAgWf0qndmh%2FWOcWow1rKrzwY6kQEQ5hgPx%2FT3FRxcZVbokEgAeFeJbNpONd7%2B9yMjZ9zkKNTIh5Zi0QM6SPd4yTaS%2FCZVWpMbTK%2FFO%2FV2%2FTFphdOo3rlY5JpPKnMScO5oWUIpg%2B2dtKl5R68Tk1Z08v5h3GtpFsl1nIBFPt%2FJkgtq44nRtwLqXVJ4cWU8bdFzG2ZsO33Bwvtf9lIVXxUmYjKXDqDN&Expires=1777018950,success,,0,2026-04-24T07:22:31.620Z
P2b,slice_9,hedra,character-3,dialogue,720p,10,0.33,150046,0,150046,https://hedra-api-video-7403b54ec46c6386.s3.amazonaws.com/web-app-v2/video/e20ff286-8c5a-59b6-9d29-12881845e7b0/a2a7bee1-6ffe-4924-9f47-b66915b82b7b.mp4?AWSAccessKeyId=ASIAWPIWCZPJODKQFSNV&Signature=3fZvCD8JYdBp7Kt5NMsGytTZI%2Fo%3D&x-amz-security-token=IQoJb3JpZ2luX2VjEKv%2F%2F%2F%2F%2F%2F%2F%2F%2F%2FwEaCXVzLXdlc3QtMiJGMEQCIDorcnBu0YuyRVgN1GhAnIUlf1XLEqmCnytcV9iWKx2bAiAkhzg5Xbi8ah%2F%2FUOpy92t0x3N2G8MZ%2FxCPVErekQzCQSqVBQh0EAEaDDQ0NTExMjMwNjY0MiIM%2FfalTOWdkj2HEI7pKvIEYX%2FZtEBbP8K9tMJ8AUWpwkgnDKD9f43uwtu8BY9QGdkGSb4fVT5u7igwn7KD8RJOcHSIG3XKbtjhhwW4vK9IJ7kpcBecYK0mGnFBX0tAjUtOL8qI3rACfUVbUG83BDfEY0eyKXhG8y7erElU4h0qV06devKPY7ILZj9CiznoChkVaEJ0cliNe2stkWvm2lBSjxRCOr4Tc0yUkDZb6eUgzTygZ3VDAFtVets%2Bn%2B8VCsklH%2BsMEXLFlQ1k7mGpI6QFr5YraKFlukbo6FbnE3uevFahu1mL2VGV2wD2Mndhl84KiRyYlMcD%2FZR6wNjKL0g%2F2Rch0JuibqUIe16NMi6D6UUhkd8KWu7HV1jiGaEtg8XGO572NJINCsBVzny%2F21hsqfkYwQBUnOrm21QuiJenUXtH4PHmmfZzn2p5pw67s58lvn4IKdlR6yipLt8%2Bpo7yyoBAhirGUsRzLyQePQJWa3aB4FljWyr4C6a5%2BL3OqPnQgD4tH66%2BYLxmEzzZ7VnslRkze%2BDsbAhzYQwM%2Fs6SVrkaTmb9TzTtq8M1VfmRryKezFjWjTDqcgbEJgWgHyzgnpwDnDnNodNo%2BunLUheUqrtZTBHsz9m1djaS2nL23ZdOvXi4whZM1wPb1nuk%2Fro6ZbsuV4Z8uRnFvjBALzDzBh1k%2F0dzyYLh8S4Cat1atGX%2BIt1mvOjcPvIm%2BgEx6qmSeDcnGWJBfiL9wYy4q28VYQGmwHfHmgUIB6%2FJkRrkF9OOL%2BQZpg2REqMm9sC7aUEVGIhhO9PL0dshkas58uojI0DKYSpZtWpQXKVlN%2Bxt8iwq7XF%2FdhgAgWf0qndmh%2FWOcWow1rKrzwY6kQEQ5hgPx%2FT3FRxcZVbokEgAeFeJbNpONd7%2B9yMjZ9zkKNTIh5Zi0QM6SPd4yTaS%2FCZVWpMbTK%2FFO%2FV2%2FTFphdOo3rlY5JpPKnMScO5oWUIpg%2B2dtKl5R68Tk1Z08v5h3GtpFsl1nIBFPt%2FJkgtq44nRtwLqXVJ4cWU8bdFzG2ZsO33Bwvtf9lIVXxUmYjKXDqDN&Expires=1777019099,success,,0,2026-04-24T07:25:01.666Z
P2b,slice_12,hedra,character-3,dialogue,720p,10,0.33,155253,0,155253,https://hedra-api-video-7403b54ec46c6386.s3.amazonaws.com/web-app-v2/video/e20ff286-8c5a-59b6-9d29-12881845e7b0/5ab651f3-5af6-4c46-8040-411ae7f3d2db.mp4?AWSAccessKeyId=ASIAWPIWCZPJCCFFJ7BA&Signature=5%2F3bUyJdK1g8TKkIn1m6E%2FiD2ZM%3D&x-amz-security-token=IQoJb3JpZ2luX2VjEKv%2F%2F%2F%2F%2F%2F%2F%2F%2F%2FwEaCXVzLXdlc3QtMiJHMEUCIE75mqAa1XYs3HBDjbWovhVpUYFS8jyeWwJp%2BVhUdz4uAiEAmp62tVYIeax8QoedJtHFj73G2gGyXdB0dtMXaiV56TcqlQUIdBABGgw0NDUxMTIzMDY2NDIiDBYj%2FoNhGGHXmeuvXyryBP%2FdzKy93ZWCWT4duqcM49DKfPuaw9C3%2FyempvOZG9qdZI9wv%2FmHYVKU9N6M9KyppmXK24BkVyZUp83aKuCzHA9Lr6DsIoQj6yXT8mO0pC%2Fu7yA5HFwnxlDXU35ZjhsVYPIR7Cqkr4S%2FdXu322XPmb9O2SIzqHendDdDlyLJnRo%2B8jdfhja9jVb5%2BEWGU3utZGNpf55h6pwpiekjCrj4rMqmsWlp%2FxQi68nGOB4KTM49ebYxBISt0%2BCQ5yR%2BjBYhwQCM4CG1U65ybPEUQFGiPSuuAuitSSjzjLKdAHKKve7EsPOyVGV%2BzG9hWfszbjS%2FYMzJSCwJCxC7TTbow6WRZdHvPgfB9oTzxnE6%2FKl72RdsmQla68cqBjeoKD6kxEJApYfQk7xSbgEGYXc2Gq5lZhk62HaeECU9gpDZXqhdv4V1DOQEeRDagS60WN%2FHIEGRz6JjRw67WGwWIHE9uCOYTzdj%2FGiua0JRq4vLQG27gcYODvrnCfIpAfDuaK25GplEAYJsguBenOjwEL8Q0o5Y3LoI%2BF%2BHeGLI72EM8eRDFGXxdrevHGL2%2BkKuapt1akhxqY8YjH1H58ouQR3ZlQWmuftWEQTlpMFfhCvckfZqBPT7povgAauTopo%2FHEMrE2WbutnMuFDj7knBK63yRKRcOPHKC8jgwNvK3FnO8qM6OvS137EOEMyyYkrcsLK4ZPyADfKKXrB76fWoQsdvEwHV77HCC9t7BGzSGWg%2Fa7BMrQyJqRHBnVbONNmH%2F9zbVFdFGp8t98wjQgFZUki%2BtCmOwhq0%2Bu8mAO5b%2FeF%2Bi3%2FMcEjiYWSh4afneRK2GZ8SADzFkrTqMMqsq88GOpABIxt9%2FrECJCgCtTWBWZHaeaxuLqA1y6mwSOR1zTV7p72Mk3Sat9SgWTeIQgss6RMuWLXpvQGMG%2Bzg2FlNwSQw9lyLCpBIfH64vLGK24%2BPE1cy83AoPKuFnMFALAnlVtWyhb%2FaeJFk7UR%2F9wMrwCMT4%2BfVENe6ukVk7GMvT4uw1UMekAwdQ0HATK53Bw1hCZeC&Expires=1777019254,success,,0,2026-04-24T07:27:36.920Z
P2b,slice_15,hedra,character-3,dialogue,720p,10,0.33,825223,0,153308,https://hedra-api-video-7403b54ec46c6386.s3.amazonaws.com/web-app-v2/video/e20ff286-8c5a-59b6-9d29-12881845e7b0/70876a24-1455-4b09-9660-720da7e21b03.mp4?AWSAccessKeyId=ASIAWPIWCZPJLDKOO4Y3&Signature=RKE5URUt%2BIbUm3Hd%2BbQdntgCRTg%3D&x-amz-security-token=IQoJb3JpZ2luX2VjEKv%2F%2F%2F%2F%2F%2F%2F%2F%2F%2FwEaCXVzLXdlc3QtMiJGMEQCIFK50xEdu6k52%2BqeHG6Zyh3S%2BSkiMFLJ5d2kmMLUtSl7AiBCQHvFpSQ3qXUdrO9lBY64Y3iag0C5t7dh2TvB0616HiqVBQh0EAEaDDQ0NTExMjMwNjY0MiIMnh3T8X%2FS1TWPQmjvKvIEJ3Z7%2FCEGyLitEcNvPqP4GVgiu8cAzyXSTAZy8LDMRKLZRE1ZqScCRNZfzp68MdPxy1FXNhxZGdhqIgcUD7X8lIBQV3X7TPUhT5Q8VYxtacJwlvKPrCLZDR4W354%2F08%2BAebR8Jj5SdObUW7nQaHFXhrfOWQ4tIEKQ87xixPYX6fqNkClUfYo6qY7kGKLEyvS2msKbnd7DPWCGVPYQ5wZrF78ph5Yvv90YzX1GheDxrbrmKMSF%2BDcjcKkWKHrF%2FadKsTvM5tzli4eCuC06FNQhnCfHy0STmgFPAnFQ%2FZ6FxpRuWKKApd8QxmfpmWLFVX6y0xALlC28CgO9Slvglw17QoxSAVSEofrI56IULWWJrjMR2UC%2Fu838ZiUuT9VOWeWKofn%2F1p10dJsM8WjqbLbtcD3zo22SZZPH8QNxWytt2isGwRa9nMTHpUrIiCbRwIeryAK7dS%2Flp45c%2Bl0bS61dMOZ6zfVTqEyJPlaNGnN4T48ktkFIMB0kn8%2FwYGuQXO6HSRd4dfWsrDE9uXh4z75Ch4psIcYKGRK9UtAVk%2FrxiVWmcMR5weEP6NiTfUCp%2BMXyb3YdJDhHyg%2FbQdTH5TJ7YSMGWKDsqrBOboX3ORAHYDyF2osG%2BcCqX8mGRlH1mao4Sf3WBJvvFrmDBF7JL9SZY6pXATsB7adoz3nacYGgNRedHKqXLLD%2BEhhbxqLircdgzI0L%2F6lmDiK2MtIFGxfz639RuokMqWn45dQOS%2BU5FY6BDBm1t8xKnSHizuIZ6%2FjXh56%2F%2BuZLl7gjzZ31FdHt%2FSwLrKBAltY5VJPpyMxDninbb3jpaDPZx%2BR%2Bjip0SjMD4rgwirSrzwY6kQEEMikrUpRPChQrB%2BG3ZOBNE9QWXiX4GooX%2F7n%2B%2FjWEqeCYWMcwpvWZu5vt7uD97LKG93apDxMwXqKE17doBzrAVDHQPFFaWxULq0shzwrkjT8Z8bGezGVeHniz2gef0zNMMEhCk3CZs1wZD9XDHAPiiex0Ggs%2Barc8PtSVQkbh%2FCPy3UNPHAmLpc3KrFj7t17V&Expires=1777020081,success,,2,2026-04-24T07:41:22.144Z
P2b,slice_16,hedra,character-3,dialogue,720p,10,0.33,149510,0,149510,https://hedra-api-video-7403b54ec46c6386.s3.amazonaws.com/web-app-v2/video/e20ff286-8c5a-59b6-9d29-12881845e7b0/d752e04f-a930-4601-95e2-c2f277d55b6e.mp4?AWSAccessKeyId=ASIAWPIWCZPJA6WIHVAH&Signature=ns%2FNwDBEISvjoW3IDXWuiETiD9o%3D&x-amz-security-token=IQoJb3JpZ2luX2VjEKv%2F%2F%2F%2F%2F%2F%2F%2F%2F%2FwEaCXVzLXdlc3QtMiJHMEUCIQC2plJYstc9a0gG0QPpSe4zcO02%2Bip7qudik9jr8HnC3QIgfFzprlo74Swyr5RqPDopdvqDAxJdiEa1OkcNYKvOvZgqlQUIdBABGgw0NDUxMTIzMDY2NDIiDF2VXiuBaAnpDIO5eyryBGpcJnJAzKgcNT0b%2BmAcbiL8%2Fo7wYKIL88G8FrEjzGwaopoL5arstNki74GDCDkMILUb%2BQasHOdD0Q8JaR4QZM0MeKzCD8HLZkWw9nV8pPEZrTQstD4B%2FjKiYI6y28lYcyxqcmQdkQuoucJKmhM0Q9fbqL%2B6ubXscZEKG4l59ShkAVdreidV%2F0x59kms%2Bw73eXsyqwhJ0BziUFOoT4Q2E0ByXOiHu3ePYYdvLG2uDI6flblASAmH3D22lAkHbv%2BxsnbOgXTIugDvApe1B421QKreKHJ65bwNaaRqFND%2FnH1uISyf4JU%2FQLwuJar7XuA6rVv17wMyd5yxZCgGSnxYAOOGc2LFH%2Fto0%2ByCMFm%2FuVr2fuWzGawbfm8u28sR%2FGs%2Bg%2BMhnXDMCK3J1ge7ZIV8mU47W2WEyYWfDZoIzAeDRlpaejY2fj9hkPPKIhsgK8WxYOXnyJWu3wcOQfT1%2Fkg5pjwsaTWPvpn5MWUlIMYMeRWjAiDyIoyiddPr7lQanYYYpan678D2rttZazgK0rsCdqnWAY86Hymh5SdBZyM%2FKIFm5L3PrsNLldHmNXv3u8rfYZO8h6Q32kHy%2FFjG5qEe282rDD4q03VmRWHzWj04%2Fmo5wCGBdDM6ay0PNCqYOxV4z6Fth1tniwNG6oOVqmMFWRdE05cTPIm73Hxi5%2B4bvpDO6KtXLwF6fxm%2FMq%2Fh2Nm6ZpnIJMABd4GwiIF0dxaPa1vmr3%2BmkB%2Bd1vQKwv4pCMkLwki02lSSfzdIAbKuBSQIQovBoXcgykKRcxNjo0ulim7ihmWWnQdOZ6X7nGRNjTNB7RcKLyGTY8ApNjuFv4JQyJ4IMMa0q88GOpAB%2FnX8h%2F9MiIsuwAM%2BPWeo%2BEpKpW%2BShAvHvr3d8iwHvBYSIqHl1b%2BZ18bJYFWAl0pDqd4uvSJfzgRmjGsLxCeK6w2lBicWOOY9V6Wiu9vYS%2B5hGsmT%2F0k7Oybn2Mo7jGOJ1%2Blenjhh4Pr3et%2FmLuPtzFsEWpK1verf1Il%2BJE9Q7dYnOLqcKYE36NoPv6rSi%2BC%2F&Expires=1777020230,success,,0,2026-04-24T07:43:51.654Z
P2b,slice_17,hedra,character-3,dialogue,720p,10,0.33,151571,0,151571,https://hedra-api-video-7403b54ec46c6386.s3.amazonaws.com/web-app-v2/video/e20ff286-8c5a-59b6-9d29-12881845e7b0/1cdfca5f-7bd1-4603-a002-fa019d672efc.mp4?AWSAccessKeyId=ASIAWPIWCZPJKLRR3UYJ&Signature=FZI1DcXvU%2F4wsEjHcyN9ujBQn0s%3D&x-amz-security-token=IQoJb3JpZ2luX2VjEKv%2F%2F%2F%2F%2F%2F%2F%2F%2F%2FwEaCXVzLXdlc3QtMiJGMEQCIF59Q5ZfMwrFt2lazFNEIMR2iRpjI2r3rZiCD%2Bu7YFllAiACOeODyi20AUTb%2BKOJ6MOoA51w871UQ%2Fg776fHcybqLiqVBQh0EAEaDDQ0NTExMjMwNjY0MiIMLrGUPoNHeV3dseAsKvIEzcLTKh7FC%2BKyCqrc%2FXed7zxD07IQaA%2BKN%2F2K3yVyDntXTFTnMsQyCXv%2BpBre%2FZF7qz69t8zXrgIRLnxOlviJ3RSWCVGwemP%2BloN7Rndh2iJkMP4CrTdwd8NPScpkDKusYz0V5bnLfV%2FeelxY%2BRtul8oV6EuaVZ5eWPID1dzw8bIJiafcX3mHcZImL1s91EyBijPgjsnW9WMD6dul4ckZDp551mrmzvVVnK7dM4svFc0EK11N6vdGE6kxGJqx%2Fj2GH5Q9561CCdrRqrRVVI4s5tevBfWq0FzZvAsWaCZ6KGTGMuW2Qx3o7xWWnOMwSbivOeyewn1%2FgYmlDf20McvZbnOflCnceXpe0S2xfxkrByQb%2BZq4AhUJ1Pk%2F2VjdKP9WwN2f3vfp9rEErPjTkydGcFacD1IUCiRkgQClAqiK%2Fl1IGpPCofxH6Gr3PeWn7M4S3AlCSStvAuoOzQrHAhAXh7BPh7LX0RNWprfaU%2BbF0YVUI0NS6QG3Heb%2FeGG5EaMWGYZas4pna0zVJtSCZX%2FYIuJF0lQpXULIaeKLLLh4G88opQw2tFm82w53sJjG%2B5KP7%2B%2BnZT1r29BFEIFka5KpAiZVDkYABBCgp7vdlfjHBMrZqrBrsHeGDiI%2BBVae%2BjnnJJXPG5uyT99Rij9jfjnD6tk5SSuPRN2AdCLWLpHfmXf5WrzclFowu3vvIvPJusax6Gc3EEXSPkzYj2UbbKB7wCmUHlYfVWyfrCCVXl63%2BP28YovZpPcQdBfIS7V%2B95F7NcTc1%2FYYXaprwoDOnn0E%2FIvIcP0nDOSDKW7bXZJke7CyJ4xekRpJBFEr7BKyLatFr5Qw8rarzwY6kQFsi0vCH3nkEApniMFgL7wI6Qlp3oVjBMuAuvKQERpqCl6MVfQqZ%2FZZ%2F5bRVi9wLUmimDqcyIwJ917sKkwKeTDV6s4b5aFAel8QzSTt%2BgR218KTz7jKQGMsPrkHd56tx97qzIWYX3Wq3H8UpiH5FG0c9vYKE1b%2BH1TXf0jvPjZdX8inwCzn4SGPny73Y%2Bc8hEDM&Expires=1777020382,success,,0,2026-04-24T07:46:23.226Z
P2b,slice_18,hedra,character-3,dialogue,720p,10,0.33,216226,0,216225,https://hedra-api-video-7403b54ec46c6386.s3.amazonaws.com/web-app-v2/video/e20ff286-8c5a-59b6-9d29-12881845e7b0/38c69d6b-b8cb-4d5c-babd-0fb27022c0ee.mp4?AWSAccessKeyId=ASIAWPIWCZPJEY72HGQT&Signature=OI5eHEjuLmryRwPra%2FK2iSnk2Uk%3D&x-amz-security-token=IQoJb3JpZ2luX2VjEKv%2F%2F%2F%2F%2F%2F%2F%2F%2F%2FwEaCXVzLXdlc3QtMiJGMEQCIGqhqqC%2F7vPmolxdgQRMWIiWIZCLuhWCwlA3LXS7MFhGAiBccqlWcjTLW0C7SVRlSMMSSQRW7vcXIbhnQ7UWRBj7xiqVBQh0EAEaDDQ0NTExMjMwNjY0MiIMLixm66n0x94pWerkKvIEImeVviURmAHol2oh0WZFSUUGsj36zCt7UYlxcZjSHRWDlP5WAZrnzycFOsdubPFxz1w94zLxuziB2Zx2ffWzdqImrY90G6MWvSo9Nke6SfXtkdHqc83N92%2BPjesApyoZW2NVud%2BkHZJ1NXAdfSgEaLW6NvjjBrTg7qpVw7oQzxg05nnTv8DZB3mVX4Z9Qrj9kGs41LojmXCiY95DolxEtouRjuj7DN04mRz0iTFzdiGybbcMEZPAyLDw9ip38wBWi1QQ%2BwdAB9quDWJnVvI5%2BdBzUyLKlPLYrtov4f0XMM%2BHo3Ki0%2BmvpwopxkQ9MHw8Op5UoW3MNAxWSWF7fUYnOJRe3iXcfoCwOdnylFUSE5%2Bddx6UOQ9TPwQ6iGgRtTaZvF1Bp5zsWOV16M9P8Ee3mYZZlAnvvkqpsvGkBeXemgHWnU3h5KgMxgqP90OykllGxTAxJ3DdQx9OkABHyhZ72Oyq71XpnpOTHZHKolBvxEMPekDZ9dtB8E%2BqNrxCLeiUJPVR18uxNRpGTFsMAmMxRPrrZQOcj2l8rVrB4aZAZiCM%2BW7mt9jqaOjCTpYmF1yw93%2F6T2SBgjdfwFn48zrzyIAUPTUEUMM9ibLqtzvu%2Bd%2FrBjkwJAQ1AHBztRTycXupg7EY7vYJGb%2FCG%2BBxweHddtg4sPWHA%2FsTjJNLJq7B3zosimLNHbHYqY5r3oysHNyOyVYYLTdqkHLQ0XYr8if0mFjKS7iBbkwRLGvpZJ5ikXypvkL%2B3q4nxOgFMZQpucGL3FkW3w2m%2FwhA3gl1Bf6jzX%2F9bvrAaDyqMGvuEh6VJC5VlKqO76V%2FFiCsiMuG4NNZqQ0worGrzwY6kQEj0TiDlnB%2Fvyu%2BCYnYY0Y51e1mRNC%2FQQF3RGbkIk6PWh%2B1%2Fho85ghVyGm9WFl6Gu9I1KmDgPuXwB%2BeaR%2BhDEA43myj%2BJOjk6vxV%2FdRGF6e4sD1hQ42yLmz0PF8%2FTiypVPyO2mSmXFlVgEc1SWu67TDMi4Gz3oT4xjsZde6AQfCJCe2cDo2Kp3hN8ANKnwF1q4y&Expires=1777020597,success,,0,2026-04-24T07:49:59.452Z
P3b,slice_1,fal_ai,fal-ai/wan-25-preview/text-to-video,standard,1080p,10,0.5,318540,0,318539,https://v3b.fal.media/files/b/0a978387/1dE2TFXR6GRUwC-_l8uI0_0Eantd9d.mp4,success,,0,2026-04-24T08:01:20.901Z
P3b,slice_2,fal_ai,fal-ai/wan-25-preview/text-to-video,standard,1080p,10,0.5,303728,0,303729,https://v3b.fal.media/files/b/0a9783a5/3H38dqK00_vf5wi1X9tmE_xVp4to6q.mp4,success,,0,2026-04-24T08:06:24.630Z
P3b,slice_3,fal_ai,fal-ai/wan-25-preview/text-to-video,standard,1080p,10,0.5,309846,0,309845,https://v3b.fal.media/files/b/0a9783c4/Qx9CrIOHoN2lslaAE6Wqj_UD5Ip0X4.mp4,success,,0,2026-04-24T08:11:34.477Z
P3b,slice_4,fal_ai,fal-ai/wan-25-preview/text-to-video,standard,1080p,10,0.5,302376,0,302376,https://v3b.fal.media/files/b/0a9783e3/Dg3d0uBbBImKcVPRlvfuh_1M205qyz.mp4,success,,0,2026-04-24T08:16:36.853Z
P3b,slice_5,fal_ai,fal-ai/wan-25-preview/text-to-video,standard,1080p,10,0.5,361492,0,361493,https://v3b.fal.media/files/b/0a978407/8U3J-Wps1G18hgv_wBgoG_OyizERNT.mp4,success,,0,2026-04-24T08:22:38.346Z
P3b,slice_6,fal_ai,fal-ai/wan-25-preview/text-to-video,standard,1080p,10,0.5,534599,0,299970,https://v3b.fal.media/files/b/0a97843c/cvyel50vQR3Ud3N-BFzWJ_POJ66GcA.mp4,success,,1,2026-04-24T08:31:32.946Z
P3b,slice_7,fal_ai,fal-ai/wan-25-preview/text-to-video,standard,1080p,10,0.5,302120,0,302119,https://v3b.fal.media/files/b/0a97845a/_vkd8FyxW1bvnbtiJDf2R_PFWibXd5.mp4,success,,0,2026-04-24T08:36:35.066Z
P3b,slice_8,fal_ai,fal-ai/wan-25-preview/text-to-video,standard,1080p,10,0.5,317369,0,317369,https://v3b.fal.media/files/b/0a97847a/hgy2_gJBS36KN0jJpJDBy_l3vhPyAX.mp4,success,,0,2026-04-24T08:41:52.435Z
P3b,slice_9,fal_ai,fal-ai/wan-25-preview/text-to-video,standard,1080p,10,0.5,610168,0,308167,https://v3b.fal.media/files/b/0a9784b7/8JvAK8sFt_S8UeuMFACna_K5FTFzfF.mp4,success,,1,2026-04-24T08:52:02.603Z
P3b,slice_10,fal_ai,fal-ai/wan-25-preview/text-to-video,standard,1080p,10,0.5,312598,0,312598,https://v3b.fal.media/files/b/0a9784d7/jAVqvy4QCS820wePXAI9G_WVaTv4V7.mp4,success,,0,2026-04-24T08:57:15.202Z
P3b,slice_11,fal_ai,fal-ai/wan-25-preview/text-to-video,standard,unknown,10,0,50803,0,0,,failed,fetch failed,2,2026-04-24T08:58:06.006Z
P3b,slice_12,fal_ai,fal-ai/wan-25-preview/text-to-video,dialogue,unknown,10,0,25967,0,0,,failed,Unprocessable Entity,2,2026-04-24T08:58:31.973Z
P3b,slice_13,fal_ai,fal-ai/wan-25-preview/text-to-video,standard,unknown,10,0,31972,0,0,,failed,Unprocessable Entity,2,2026-04-24T08:59:03.945Z
P3b,slice_14,fal_ai,fal-ai/wan-25-preview/text-to-video,standard,unknown,10,0,54576,0,0,,failed,Unprocessable Entity,2,2026-04-24T08:59:58.522Z
P3b,slice_15,fal_ai,fal-ai/wan-25-preview/text-to-video,standard,1080p,10,0.5,308798,0,308798,https://v3b.fal.media/files/b/0a978506/tAWPNirt77S2eDODtRKgo_UnkuguU9.mp4,success,,0,2026-04-24T09:05:07.320Z
P3b,slice_16,fal_ai,fal-ai/wan-25-preview/text-to-video,standard,1080p,10,0.5,302222,0,302221,https://v3b.fal.media/files/b/0a978524/amIjjwDJJjmvFg77HIl6U_mIVrqtc7.mp4,success,,0,2026-04-24T09:10:09.543Z
P3b,slice_17,fal_ai,fal-ai/wan-25-preview/text-to-video,standard,1080p,10,0.5,432654,0,431970,https://v3b.fal.media/files/b/0a978542/Rla7aiAsZSid18Fu8fr0y_wA7j5hzE.mp4,success,,0,2026-04-24T09:17:21.513Z
P3b,slice_18,fal_ai,fal-ai/wan-25-preview/text-to-video,standard,1080p,10,0.5,301751,0,301751,https://v3b.fal.media/files/b/0a97856d/bd2u8L8RsqwQj1nFAIfyl_bagy0cO0.mp4,success,,0,2026-04-24T09:22:23.264Z
P4,slice_1,fal_ai,fal-ai/hunyuan-video-v1.5/text-to-video,standard,unknown,10,0,71361,0,0,,failed,Unprocessable Entity,2,2026-04-24T09:29:45.263Z
P4,slice_3,fal_ai,fal-ai/hunyuan-video-v1.5/text-to-video,standard,unknown,10,0,19062,0,0,,failed,Unprocessable Entity,2,2026-04-24T09:30:04.327Z
P4,slice_5,fal_ai,fal-ai/hunyuan-video-v1.5/text-to-video,standard,unknown,10,0,18855,0,0,,failed,Unprocessable Entity,2,2026-04-24T09:30:23.182Z
P4,slice_8,fal_ai,fal-ai/hunyuan-video-v1.5/text-to-video,standard,unknown,10,0,19129,0,0,,failed,Unprocessable Entity,2,2026-04-24T09:30:42.311Z
P4,slice_10,fal_ai,fal-ai/hunyuan-video-v1.5/text-to-video,standard,unknown,10,0,18955,0,0,,failed,Unprocessable Entity,2,2026-04-24T09:31:01.266Z
P4,slice_11,fal_ai,fal-ai/hunyuan-video-v1.5/text-to-video,standard,unknown,10,0,18950,0,0,,failed,Unprocessable Entity,2,2026-04-24T09:31:20.216Z
P4,slice_13,fal_ai,fal-ai/hunyuan-video-v1.5/text-to-video,standard,unknown,10,0,19052,0,0,,failed,Unprocessable Entity,2,2026-04-24T09:31:39.268Z
P4,slice_14,fal_ai,fal-ai/hunyuan-video-v1.5/text-to-video,standard,unknown,10,0,19675,0,0,,failed,Unprocessable Entity,2,2026-04-24T09:31:58.943Z
P4,slice_2,hedra,character-3,dialogue,720p,10,0.33,303289,0,303288,https://hedra-api-video-7403b54ec46c6386.s3.amazonaws.com/web-app-v2/video/e20ff286-8c5a-59b6-9d29-12881845e7b0/a0269a14-d890-4b33-a205-9c4029ed3695.mp4?AWSAccessKeyId=ASIAWPIWCZPJHNDSGU2U&Signature=64VYUBfUvFs4cxo0VoP%2FGDX0QKY%3D&x-amz-security-token=IQoJb3JpZ2luX2VjEK7%2F%2F%2F%2F%2F%2F%2F%2F%2F%2FwEaCXVzLXdlc3QtMiJHMEUCIQDdPrIf6DQDaYLfTGg6Vw4tuu3PBA%2FFbIdmeRt3M7pxcAIgGDsNiwFs5x86plr9N%2BJmiK5UmF1ja00bl3we5FkF%2BPAqlQUIdxABGgw0NDUxMTIzMDY2NDIiDGNMNtJwzeuSWs8pFCryBD%2FeFbY4yulXS2wzCKuswk6QwMCgoPTwaOQYNuCH7zZdqDTVmtHZ%2FdfQOoDEVK1p4BvSOKO0Z%2FmDza2VslP8vhQiq%2FQk9TVuemggBHRH%2F79Q9pHVLUo%2FExNNFsz7MRnD4DKk1t6bhIKg0w6ayxJrU52Ku%2FYP2qUJLtE0%2Fp99tRMW7pZcrwoOqA5JwFb8glJiH9rjsQ8%2FFt4MDd92wNN9nQ%2BscDxtcOuh60z1x9I41%2B8Ft8CUhyJYxlC4PYogtFmIYzONfQwXhI%2FwHtP8xR1O5t1rXq4%2BKYa%2FKQgHqKJocRy7JHonYICYnNmqSHvbIrP5Eu1faHHwHU651l43FgAEJz2SlUxUcPhoLbVBG%2FoW3GBQg7Uy5q7uJJX2jEGmOQ%2BPfVYaI0bzi4%2BffwM8Y5RONClbsxsmmKvVOT1wOS7tb6deI0PIkv5bjH9bt163ncWQe5E6JWNYq16xd9X173Q%2FBX4Fb%2FBBg4x%2Frtyg5LPVErg9hNuc2XNZEyDLksaeAQ2YNOPZKZwqhxz3wQhJL9bmeDd4T%2FxPcHHXzKggqZP10VxL9piuLq2V5LAzxntW27RQ72SKalzJMNrDWtpKR042%2BfMwLP6wzIARn3R18x%2Bhacf754Iv7D4WwSy%2FUS1SvJF9qo%2Bv0VDxaJpgUdKYeJlgpkY5Vshm%2FuSEqttp7gHsvRkHewEHWuaWosyAjs%2BpX8pOs3cH0Bo%2FNXfGSSPpwvxOx%2FAT0cz0wxW8REl8H3iHS8FCxdXq55BRMLhd%2BuFQgdDzvM%2BGjZ0Wn5NLgX2G9DPzhFHCD2HLIvZ7psI2lYUEg15BPhE0zF1EIQcAjVMnF2muH4VuMI6GrM8GOpAB6ndibBHTl0OPz7p55ILsrjA9Pxr6RXEuLzN0h1MF6FoC4LOpWXK9gMUUFC5Hd00596f%2Bt0EJhB%2B4INuc%2F7PamPdIMorWjKEnm%2BmPHLfZ%2Fbqd15JVBh8V%2F1BL%2FhBtvbtjXhJEAY9FMH7H71EN40R7Ut56213cC9SUjV%2FY6KzehSvhOXfd4pBuEGo%2FtTbijHFV&Expires=1777027034,success,,0,2026-04-24T09:37:18.571Z
P4,slice_4,hedra,character-3,dialogue,720p,10,0.33,186831,0,186832,https://hedra-api-video-7403b54ec46c6386.s3.amazonaws.com/web-app-v2/video/e20ff286-8c5a-59b6-9d29-12881845e7b0/da1548a1-4ed5-45a7-b17c-bb71c8658a12.mp4?AWSAccessKeyId=ASIAWPIWCZPJOZIGXBZY&Signature=cgSL1tloa5y5gx4eLSVfoiD6s4s%3D&x-amz-security-token=IQoJb3JpZ2luX2VjEK7%2F%2F%2F%2F%2F%2F%2F%2F%2F%2FwEaCXVzLXdlc3QtMiJHMEUCIDu2nW%2BGPglrusm0rYWdjy5uE8QQvhZMf7TUZhnAeumBAiEAkDvP3rAxBPtnmO3vmJIc9Bd445yo0tQR2cXh9pOIUzEqlQUIdxABGgw0NDUxMTIzMDY2NDIiDC8VGKwHWOIjeWklgCryBPL05n3ADsVlfibMOxHrqDefFFvJslF4Z9cIb4mmITS9gxs%2FWpElssAmjVc%2FJoSJfi6Q2%2BhR0cr1cIr2xlCBdsQC6HcLwD12QjRIVBj1YSZQpa3dfeRtnA5HwhnJxbLAX85AdY64aq4Qb8AuPxj%2BUnRTHVFqGOv%2Flr13CJyDrA8FQo4PvDYWXiV97%2BYMS9FHsJSYnn%2F%2BpesXhq%2FFid6IfYUvyRKF66o%2FKt1PlLHOwHlJZD9WXeBD9jyoLrmuq0QUjij8KYEcuqu5mq86OeGAw37E3VmX%2BbxhNXvgqCyL1BPcHtMB9NzIsW5vkFHitYuH%2Bg3Lkl3NrmmcDCn49c8tqPXkj9bGep7u5PKT%2BlOfOEpN5W4jQrlySIkJ2a21AQof%2BuTENY%2BTzvmMehS6ZTVBu6ncuPFwAswgAWZjD3SiKPwuPte%2F%2Bugmr6tIeYq0TVDFCfHnEkq2OFOdQ9TzT9WKm71Es177tvO8xLGeL8%2FqBGgbXRTFpfs89xqVjO8fQGEsK48%2FDHTNnHZ3Z1qij1wJ9zQADoi2BGRrJRy8s9CMxhdm0S6o7ZHxz0fFfd4yePJzDRYp0OjP5LcYO%2BdojFMQXcKXUXYWx19ro%2Bd5vvFuGV1wgJNF8U3CZmCxZKNUznXdsz3XtCEcsTKUjDhYOzXHAjpSBIg9pxxoLGNK%2FKXSLubECUU1E%2FWMwUtWTYTV5ogYaDaO27GHmu%2F6oJ23YFYZEdoXqMJoYD6oltvzy16FPXvVHbnKahrONpTUd%2Bejn%2B74GtAWLyBEny2wSSa159HHlhup0w9DMj%2Bd8ZDdEzdJ9lGFuoK22VB%2FJdj0uy18eL0YhjyfMN6LrM8GOpABhWmtfX5FIREUBm%2B8F%2Brb%2FkPesIJqk01K2Y5%2Bs5vu8C62MFxNttMEE5sgEsd7UQgXmEJ%2Fakd9f5dVKxsAJ2KtOiUrRuFfxr0pNSweiC9kN7v%2FUdEUROxueZAsLhbB4AooiKSeQasU9zfo2xd0lVu6NOOrey9NkmqhFz09blKOHy7G7L15gDqXnHuhR3Vivabg&Expires=1777027221,success,,0,2026-04-24T09:40:25.403Z
P4,slice_6,hedra,character-3,dialogue,720p,10,0.33,559158,0,193539,https://hedra-api-video-7403b54ec46c6386.s3.amazonaws.com/web-app-v2/video/e20ff286-8c5a-59b6-9d29-12881845e7b0/95d8b3c7-1e5c-4ba9-a0dd-c8da4a3c1938.mp4?AWSAccessKeyId=ASIAWPIWCZPJCZ26UF53&Signature=yBT4CMsmNWz8cWR9TQn47KPpi8c%3D&x-amz-security-token=IQoJb3JpZ2luX2VjEK7%2F%2F%2F%2F%2F%2F%2F%2F%2F%2FwEaCXVzLXdlc3QtMiJHMEUCIHS%2FRyrvee7wj70AidczCNFIfDK%2FLZK6LYWsXSf2mJKyAiEA3I%2BY3mpRlz2D83A8ElQH6DhsrCYi0VDjgTJeZoEPvj0qlQUIdxABGgw0NDUxMTIzMDY2NDIiDIJ34qee%2BkGlGIN3kCryBGpWzYBaadgvCwvVH%2Bt%2BdA%2BcIJgyynqcd%2FO37FvjELaRvbILpuiHCNGnhuRncG4VYDyrua71dClVn2H4e7HwDFlRTDjUvwVBgEkMI%2Bi%2F%2FnpZObznFSyy6P1vCbJd3QU9WPqB%2BPaY0YrFgUHX6B6vWHz%2FLBcvtBnV3MciFclDpmsL7YC44Do6xWsu6S2DD9bLVmoHWBsIr%2F0iEvtJjLc8jMqqbNLKXvUm3eV0LPZOpbjIH7VAs221X3d4qWuuKFAx1QfgHx8xmI39cmGHRpCVsrIsSOCLNNgp%2F5xCjmcWhD8PMEk1tskkBh8eK2skrKFxBVQ%2Fb3PnjPxQ75EVEjYenCqLbFJ5vnU3mR8bNLvscZia%2BWAH2jwArSj0VWeslD4ZQ0JhQNztf4paGkzZ8ihZRhAcCWYy5Dw3A17IZtGhhhiOLezxcrfaBa2UeZeeCmHu%2FhHGbWyBW9COQ9QUhjC%2B%2FHHd3QuQOknSkBGVN13dPAmv%2BXIYKmiJ2kGGlwnaEHVNq3MW8qOSdGJ7DJXd6g90Hv8D77Kqq6ALxGRBudyDbvlFvEKlEt7Bwiu79ce%2F%2Ft0asQ17b7vwsT5HYCJY6nQsGtwnP8sI2%2BjKiHODFOLVDeBxW5o52D6dF9mEIZW%2FKMHFVGF%2Ftlbt2bNXulqaONFXX%2F3LWYa89haw4ljMA6p3%2FNGq0f4VD8gR7ar2Is7S95yidy9UJY0QLbj42yLPa5VdKEnK7KEucVqVylrltvAE6ROQfjDxstDTpEPjzXqKSyiH3VUk18DzPtlPAJnUEpwPxZoFfs8g41hRLN0YDpJqO8TQXh23DpRfEsIlOIv0d7X9RhexMMKHrM8GOpABosSTN74Ab4qzHk34BbJ9zBy%2FyQA%2BZnZLUG9MeAIfOCvV79uRTHACpwVDpOd72GYlfBYdFQw%2BuHiVUwpoSlgUnWLrVDWmM4xPW0Evj%2BGSdtrB801qPpIt9zH9hypJAsRrKcfKnvpvOqF%2F0QsvR%2FQ%2BfS7J2aDV%2FQMoFinIIiLNMPHsa%2FpnUH9giwy9r6YVfDfi&Expires=1777027781,success,,2,2026-04-24T09:49:44.562Z
P4,slice_7,hedra,character-3,dialogue,720p,10,0.33,977915,0,481858,https://hedra-api-video-7403b54ec46c6386.s3.amazonaws.com/web-app-v2/video/e20ff286-8c5a-59b6-9d29-12881845e7b0/853a03ee-ed4f-4e77-b435-6b14eba3069c.mp4?AWSAccessKeyId=ASIAWPIWCZPJHNDSGU2U&Signature=O0FXkauB8saY0saohf4rOWn%2F7oI%3D&x-amz-security-token=IQoJb3JpZ2luX2VjEK7%2F%2F%2F%2F%2F%2F%2F%2F%2F%2FwEaCXVzLXdlc3QtMiJHMEUCIQDdPrIf6DQDaYLfTGg6Vw4tuu3PBA%2FFbIdmeRt3M7pxcAIgGDsNiwFs5x86plr9N%2BJmiK5UmF1ja00bl3we5FkF%2BPAqlQUIdxABGgw0NDUxMTIzMDY2NDIiDGNMNtJwzeuSWs8pFCryBD%2FeFbY4yulXS2wzCKuswk6QwMCgoPTwaOQYNuCH7zZdqDTVmtHZ%2FdfQOoDEVK1p4BvSOKO0Z%2FmDza2VslP8vhQiq%2FQk9TVuemggBHRH%2F79Q9pHVLUo%2FExNNFsz7MRnD4DKk1t6bhIKg0w6ayxJrU52Ku%2FYP2qUJLtE0%2Fp99tRMW7pZcrwoOqA5JwFb8glJiH9rjsQ8%2FFt4MDd92wNN9nQ%2BscDxtcOuh60z1x9I41%2B8Ft8CUhyJYxlC4PYogtFmIYzONfQwXhI%2FwHtP8xR1O5t1rXq4%2BKYa%2FKQgHqKJocRy7JHonYICYnNmqSHvbIrP5Eu1faHHwHU651l43FgAEJz2SlUxUcPhoLbVBG%2FoW3GBQg7Uy5q7uJJX2jEGmOQ%2BPfVYaI0bzi4%2BffwM8Y5RONClbsxsmmKvVOT1wOS7tb6deI0PIkv5bjH9bt163ncWQe5E6JWNYq16xd9X173Q%2FBX4Fb%2FBBg4x%2Frtyg5LPVErg9hNuc2XNZEyDLksaeAQ2YNOPZKZwqhxz3wQhJL9bmeDd4T%2FxPcHHXzKggqZP10VxL9piuLq2V5LAzxntW27RQ72SKalzJMNrDWtpKR042%2BfMwLP6wzIARn3R18x%2Bhacf754Iv7D4WwSy%2FUS1SvJF9qo%2Bv0VDxaJpgUdKYeJlgpkY5Vshm%2FuSEqttp7gHsvRkHewEHWuaWosyAjs%2BpX8pOs3cH0Bo%2FNXfGSSPpwvxOx%2FAT0cz0wxW8REl8H3iHS8FCxdXq55BRMLhd%2BuFQgdDzvM%2BGjZ0Wn5NLgX2G9DPzhFHCD2HLIvZ7psI2lYUEg15BPhE0zF1EIQcAjVMnF2muH4VuMI6GrM8GOpAB6ndibBHTl0OPz7p55ILsrjA9Pxr6RXEuLzN0h1MF6FoC4LOpWXK9gMUUFC5Hd00596f%2Bt0EJhB%2B4INuc%2F7PamPdIMorWjKEnm%2BmPHLfZ%2Fbqd15JVBh8V%2F1BL%2FhBtvbtjXhJEAY9FMH7H71EN40R7Ut56213cC9SUjV%2FY6KzehSvhOXfd4pBuEGo%2FtTbijHFV&Expires=1777028762,success,,2,2026-04-24T10:06:02.477Z
P4,slice_9,hedra,character-3,dialogue,720p,10,0.33,235933,0,235934,https://hedra-api-video-7403b54ec46c6386.s3.amazonaws.com/web-app-v2/video/e20ff286-8c5a-59b6-9d29-12881845e7b0/f0726460-1b24-4dec-9a7d-e3eebcef373e.mp4?AWSAccessKeyId=ASIAWPIWCZPJKJ5L36IE&Signature=sEmBOvAbwFcrszrrKVhh13rwUpw%3D&x-amz-security-token=IQoJb3JpZ2luX2VjEK7%2F%2F%2F%2F%2F%2F%2F%2F%2F%2FwEaCXVzLXdlc3QtMiJGMEQCIDqtsmuUXf2x8u8CbfVLtcSreoxvnZ7NxffCIUVGjWzCAiAVodFBYOhGQeE5W%2FWUQL45mjy64seTBSHl92Y6u4oqzyqVBQh3EAEaDDQ0NTExMjMwNjY0MiIMFCuiu4g1Z5WL1fCnKvIEtJGp1BBNQ9t0OaTyrVg%2FFTjMo1tzBUHTjSb6nvOJdljTgI0h9CmxnQZ2WJjiAG3XNkdQnKHfqPWD1RvOaciOu4%2FH%2FdykN3tGGPT%2FzNif7FCydf3%2BTpApy7b8VykJQ%2F1s1UXC4Hd3AiVwfLlMSy1vu5kmbYAkrQgZo1Z3HhGHeOJ97187VQ0UKDCasu9dPQtUHLYij8TzP3pnmUWjXYRS2fk1BkfG2oGd1DDkHLha1lQzhJQm6NhjEKntXnycG7N1EtAJU2JeuAVWGzLOJluVM2V7ThbyHYZuQDvzB01cLTYofRItgM1fqCLqJQLzGbF7zY2cKs7K9H5TTxUbd43HWFT8IjLyY5rWor%2Buh8%2BsNEYWTr2j7%2FjEG4II8L8P0S0N%2BOPe%2BSW47j7iERYuZvOiS9fBbSO07lu9Hati8mYHfsNWjZZxc0Q%2FtEaImKucFNnZ2tJR%2BMzdPY5O6ueoidowcx88JpU%2BA%2BwV%2F9vmHPKFSskLr%2FxLEMZBDSHYrIs%2F4XdqaL0iZkh0f7%2FKIqMtsyI0E6Q7rtBj7dLsQTft%2Fr6G6y2gzDZgEhVFKl%2FySHrtkf1EwSoZm1JDqowU0bkdDTtLJ3ZZfoR9BrWatggRuQ8c%2ByyeFaWSuRnfRTDY%2BTI2%2BrCqpeSiGFtQ4PVbz8PTqJMPqWhMyU7nkQy682cxJECVxj4yxyKVzHfReqtDYton%2FYzPNs9LVkZZkCal%2FRuBu5iaKEs7%2F1JfgjGIH3ZC3HpkRkYLD25d5eapm4oQc%2F35QgGUMyPHyucibek3LVF6sGaaXYCnsmOZiEQa2IGFrepLQ%2BDQnodyhxmzM9fgh0KJOFDh%2FLsw8oGszwY6kQHbbZa1Kc6Tus5AOTm%2F1GF9xHs1MNOaZHehFisbUUE8zk9PYOK8LqdC0d%2B56gxUUGC6LJGD%2FJ4%2FaGo%2B%2Bm74nNysSXgrBEJvzO%2BPH%2FsHLcokqqHBD0g%2FTKUfYxbWee%2BYpZQ8cDmwzpdQ%2Bs1z0z8CyUFogcZLq0zxiIkmf6tXzdQuXqJwrm%2B84DAGKf0HIIyX%2FlHk&Expires=1777028994,success,,0,2026-04-24T10:09:58.411Z
P4,slice_12,hedra,character-3,dialogue,unknown,10,0,245310,0,0,,failed,fetch failed,2,2026-04-24T10:14:03.722Z
P4,slice_15,hedra,character-3,dialogue,720p,10,0.33,324691,0,324691,https://hedra-api-video-7403b54ec46c6386.s3.amazonaws.com/web-app-v2/video/e20ff286-8c5a-59b6-9d29-12881845e7b0/0f3ec7d3-ed77-438a-84b7-58636871b5b3.mp4?AWSAccessKeyId=ASIAWPIWCZPJOZIGXBZY&Signature=%2BBDvv4fJUuBbVLIchFg9zZlNIQ0%3D&x-amz-security-token=IQoJb3JpZ2luX2VjEK7%2F%2F%2F%2F%2F%2F%2F%2F%2F%2FwEaCXVzLXdlc3QtMiJHMEUCIDu2nW%2BGPglrusm0rYWdjy5uE8QQvhZMf7TUZhnAeumBAiEAkDvP3rAxBPtnmO3vmJIc9Bd445yo0tQR2cXh9pOIUzEqlQUIdxABGgw0NDUxMTIzMDY2NDIiDC8VGKwHWOIjeWklgCryBPL05n3ADsVlfibMOxHrqDefFFvJslF4Z9cIb4mmITS9gxs%2FWpElssAmjVc%2FJoSJfi6Q2%2BhR0cr1cIr2xlCBdsQC6HcLwD12QjRIVBj1YSZQpa3dfeRtnA5HwhnJxbLAX85AdY64aq4Qb8AuPxj%2BUnRTHVFqGOv%2Flr13CJyDrA8FQo4PvDYWXiV97%2BYMS9FHsJSYnn%2F%2BpesXhq%2FFid6IfYUvyRKF66o%2FKt1PlLHOwHlJZD9WXeBD9jyoLrmuq0QUjij8KYEcuqu5mq86OeGAw37E3VmX%2BbxhNXvgqCyL1BPcHtMB9NzIsW5vkFHitYuH%2Bg3Lkl3NrmmcDCn49c8tqPXkj9bGep7u5PKT%2BlOfOEpN5W4jQrlySIkJ2a21AQof%2BuTENY%2BTzvmMehS6ZTVBu6ncuPFwAswgAWZjD3SiKPwuPte%2F%2Bugmr6tIeYq0TVDFCfHnEkq2OFOdQ9TzT9WKm71Es177tvO8xLGeL8%2FqBGgbXRTFpfs89xqVjO8fQGEsK48%2FDHTNnHZ3Z1qij1wJ9zQADoi2BGRrJRy8s9CMxhdm0S6o7ZHxz0fFfd4yePJzDRYp0OjP5LcYO%2BdojFMQXcKXUXYWx19ro%2Bd5vvFuGV1wgJNF8U3CZmCxZKNUznXdsz3XtCEcsTKUjDhYOzXHAjpSBIg9pxxoLGNK%2FKXSLubECUU1E%2FWMwUtWTYTV5ogYaDaO27GHmu%2F6oJ23YFYZEdoXqMJoYD6oltvzy16FPXvVHbnKahrONpTUd%2Bejn%2B74GtAWLyBEny2wSSa159HHlhup0w9DMj%2Bd8ZDdEzdJ9lGFuoK22VB%2FJdj0uy18eL0YhjyfMN6LrM8GOpABhWmtfX5FIREUBm%2B8F%2Brb%2FkPesIJqk01K2Y5%2Bs5vu8C62MFxNttMEE5sgEsd7UQgXmEJ%2Fakd9f5dVKxsAJ2KtOiUrRuFfxr0pNSweiC9kN7v%2FUdEUROxueZAsLhbB4AooiKSeQasU9zfo2xd0lVu6NOOrey9NkmqhFz09blKOHy7G7L15gDqXnHuhR3Vivabg&Expires=1777029568,success,,0,2026-04-24T10:19:28.414Z
P4,slice_16,hedra,character-3,dialogue,720p,10,0.33,164707,0,161642,https://hedra-api-video-7403b54ec46c6386.s3.amazonaws.com/web-app-v2/video/e20ff286-8c5a-59b6-9d29-12881845e7b0/18c7b356-9335-4261-aea2-e03d74e82e16.mp4?AWSAccessKeyId=ASIAWPIWCZPJFM62PJED&Signature=BuOtqABCr55fOgElfwYm%2Fe0wNqU%3D&x-amz-security-token=IQoJb3JpZ2luX2VjEK7%2F%2F%2F%2F%2F%2F%2F%2F%2F%2FwEaCXVzLXdlc3QtMiJGMEQCIHIxMfaCLcKP4EzmqLgiRm51xiyiILRZkXgdd6ZKDi7%2FAiBPV01R8tlUHs30ts4uNG%2B8WeuCDi3tKLytE6MHzblldiqVBQh3EAEaDDQ0NTExMjMwNjY0MiIMJZjHbKKlAdROhK4YKvIENoCjj%2FvWs%2BNLITdFREwQacE869ehgDYUvDBpsyGVR0JyTDIlrsO4KrbrUemHBYSKmcvsh4N0472HkxFuyhWB%2BrywdKalFVyRGiYmPH6ao9xY1QFo308CFtcGn8qvxKrFtnH09RnKG0Inegmodz3TxswCQXRCpfmgOxLfhYqiJ%2B3vWuoZOyN3Kyqi4ACl%2FvcM8ZX5pOvRaXQbV9T122u0uhDNetqIhKtfl%2FnFXCnkjV4JqdV7LnykTQet%2B9cQucYv4uFlSOpv0RrH62w1Q32gp%2F%2BQIlbUgJckFT%2FJD4gYOO1m4osVUKNb6qDmcYZJTp2vI47iWSXjceSkDXBYVzScHr0oc1AWCWtBx7EAPezZW55TPG3UHZwxknX8LeHA76jvZ1KV8KH8gHGUUQetvCK5c2t7W4z4QJvf0JU03NgxH7VOIIbQd30u62jMQvCjA9Di6ri1ARmxLRRmmG1WPSjgGT7kw1U25LFLD3PrWRo8p417ITv0NeOwDmgq%2Fn7XnKNT7xJS7INVVJByDRxw9p5OE6BGoGqNWvIRZSopC0PQkGieQpZrnXIRdfZUUUK6VsC%2FxE19FavUx3e9BYKx1c%2F6Aop21qK0JR1Rxz8ga0AjdkSeRqhgR8B9hiJW9oPmZ%2B09VHROo%2BVMeXKbPwRgRukDgFVg8QphFLdQt8OBeLrfRAv24emHzGXlMBfA5yztBKLq4NGclE%2BLBLhycIvI2HvR5nh4%2BjVJTY0vqnz3ClcL3s0TZYMbv2pN5nANdOJH4XexZuqFek%2BpP1eS5Wr8MGUC%2FxaBqhOlPg%2Fn6J8fKFj6BvsAoaE91vXgrU%2BRgNhZUsb%2FkR0w9oiszwY6kQGMsogtJqOAxKvGKNrI04iDhDs0wYquvQf%2Bm77gRWlNkN2a9ax%2BS6Sx4PjMNERFTbKfqycCiWEs7emYtnmjwChBFzHmSCO1WV00TZY0Sv%2BhiBh9tTlHGuh71lQdzR5mgZ1SLEiFs6%2FBHkYl5Aem3Fyzlds%2B1uKxePiCI8tQXAySQwM1z1gc67OPatKDJKXcYnGu&Expires=1777029732,success,,1,2026-04-24T10:22:13.121Z
P4,slice_17,hedra,character-3,dialogue,720p,10,0.33,139752,0,139752,https://hedra-api-video-7403b54ec46c6386.s3.amazonaws.com/web-app-v2/video/e20ff286-8c5a-59b6-9d29-12881845e7b0/d60c81ba-4412-4538-a9af-3b6b42390a8e.mp4?AWSAccessKeyId=ASIAWPIWCZPJA2CRXFAW&Signature=ja2QQxC7OFBFc8Qiym63kQrV7R4%3D&x-amz-security-token=IQoJb3JpZ2luX2VjEK7%2F%2F%2F%2F%2F%2F%2F%2F%2F%2FwEaCXVzLXdlc3QtMiJIMEYCIQCsYZiwK%2ByHeslkwu3uczqYKYYyAcriW1OtC95ndp0I1QIhAIcfE9Wv0IlvK2ZZ%2BTmo3g2IvsZceEn06mH7uLj6FfWtKpUFCHcQARoMNDQ1MTEyMzA2NjQyIgx4eJaZWMAiVPjEPdUq8gTivZkA%2B66X7Pbz9KbEHW8kcAjndthJic1stejXq%2Fv%2FkgH0TPkgEWAg%2B6Pis5fz82FAhPW3ajejH%2BACfjPUoW7z9FBTriDmUjEr27gOdwEgwzAUENOuAnsGP8dYqLzQw7u6H%2FM6lm9WXo4v6pq6oNZeVqrlyHAZUJsvC86T8eQoCboxnWuYh9EuUkCaPLVNvb3%2BhGjgNhi0WSt416iNMxYQS7oGb5dcSlx%2F706RXDEjEWUQrAQ%2ByCxKVHmNCPXeX2kne9Ihqohqn1vmVwpU8X00OnQM1AeYicQrLk7RTg87Cs2dZbuqWqTrJ9fuJW2IY8lhBnIePm8RW%2FfD2qOQ7Fgv9H7XF4Lc55OlAKmH2ySNo0eU2Z%2Br3M0olfmlBl4TLkb6cF4FeuMZFswyqQnWhcTKBmpgkOlEso1EjZYoYwerO7O0IjBNYIKwWDbfY%2BNXpPAZiDwsWaVrUzNAW2A1fhxKRSt8GZQQDymdzf5JIfoXDqhuz7%2FN9nG9MDh6zTaxAJX7YXJRaRFKgw3I%2FDrrcj4f9xEOHpApUySRNTnBcuGSfaaYBZaOSnSdOVBE%2BGbip3DaAdY3yV8SE2OZPCfMLPPs5l72TndfaVRY5%2FBp94xAudowGSVPmRv82tXbYlh9XllFHEmOwyj86MzuGN0kBrSF6c1x%2BdSrsqDcqfv0eAg2a7iUSlFye1jHf8n7MBQpVyQid70oqBPHvjy8%2Fi9PyHKY9DuPKBe45rH3E7rOQLUI0JI45Zg4NA5uPfWFcQ0XbObigeemD319sdisb8XWvpxuaGJVsYd7lCfuXV3RhHa24npvJu6TD9zoic2p0sZRki9w3DDuiazPBjqPAafpZ%2FnG0uVa%2Fwn5qM4bIhT8AhCOU%2FcbkIIKomm2bf94XX8sja8RlOl52ayYqpgFR2HX11UZok2o8lnRiN5pjVglL0pF7EzdDHdlYw8eeQqotDltIerM04M1ateFYcrfzL4EFYdC3RdmA%2Fq40oCeDOusdIqDDqiTXGZFs3jEObAbLhSP1Klv2N6G17Wqt0d1&Expires=1777029870,success,,0,2026-04-24T10:24:32.873Z
P4,slice_18,hedra,character-3,dialogue,720p,10,0.33,215730,0,215730,https://hedra-api-video-7403b54ec46c6386.s3.amazonaws.com/web-app-v2/video/e20ff286-8c5a-59b6-9d29-12881845e7b0/4e16e8a5-1863-4051-bb14-a247d75e2fcc.mp4?AWSAccessKeyId=ASIAWPIWCZPJFM62PJED&Signature=l0kndrdoN2WmzaHPY02CGLwWIJQ%3D&x-amz-security-token=IQoJb3JpZ2luX2VjEK7%2F%2F%2F%2F%2F%2F%2F%2F%2F%2FwEaCXVzLXdlc3QtMiJGMEQCIHIxMfaCLcKP4EzmqLgiRm51xiyiILRZkXgdd6ZKDi7%2FAiBPV01R8tlUHs30ts4uNG%2B8WeuCDi3tKLytE6MHzblldiqVBQh3EAEaDDQ0NTExMjMwNjY0MiIMJZjHbKKlAdROhK4YKvIENoCjj%2FvWs%2BNLITdFREwQacE869ehgDYUvDBpsyGVR0JyTDIlrsO4KrbrUemHBYSKmcvsh4N0472HkxFuyhWB%2BrywdKalFVyRGiYmPH6ao9xY1QFo308CFtcGn8qvxKrFtnH09RnKG0Inegmodz3TxswCQXRCpfmgOxLfhYqiJ%2B3vWuoZOyN3Kyqi4ACl%2FvcM8ZX5pOvRaXQbV9T122u0uhDNetqIhKtfl%2FnFXCnkjV4JqdV7LnykTQet%2B9cQucYv4uFlSOpv0RrH62w1Q32gp%2F%2BQIlbUgJckFT%2FJD4gYOO1m4osVUKNb6qDmcYZJTp2vI47iWSXjceSkDXBYVzScHr0oc1AWCWtBx7EAPezZW55TPG3UHZwxknX8LeHA76jvZ1KV8KH8gHGUUQetvCK5c2t7W4z4QJvf0JU03NgxH7VOIIbQd30u62jMQvCjA9Di6ri1ARmxLRRmmG1WPSjgGT7kw1U25LFLD3PrWRo8p417ITv0NeOwDmgq%2Fn7XnKNT7xJS7INVVJByDRxw9p5OE6BGoGqNWvIRZSopC0PQkGieQpZrnXIRdfZUUUK6VsC%2FxE19FavUx3e9BYKx1c%2F6Aop21qK0JR1Rxz8ga0AjdkSeRqhgR8B9hiJW9oPmZ%2B09VHROo%2BVMeXKbPwRgRukDgFVg8QphFLdQt8OBeLrfRAv24emHzGXlMBfA5yztBKLq4NGclE%2BLBLhycIvI2HvR5nh4%2BjVJTY0vqnz3ClcL3s0TZYMbv2pN5nANdOJH4XexZuqFek%2BpP1eS5Wr8MGUC%2FxaBqhOlPg%2Fn6J8fKFj6BvsAoaE91vXgrU%2BRgNhZUsb%2FkR0w9oiszwY6kQGMsogtJqOAxKvGKNrI04iDhDs0wYquvQf%2Bm77gRWlNkN2a9ax%2BS6Sx4PjMNERFTbKfqycCiWEs7emYtnmjwChBFzHmSCO1WV00TZY0Sv%2BhiBh9tTlHGuh71lQdzR5mgZ1SLEiFs6%2FBHkYl5Aem3Fyzlds%2B1uKxePiCI8tQXAySQwM1z1gc67OPatKDJKXcYnGu&Expires=1777030085,success,,0,2026-04-24T10:28:08.604Z
P5,slice_11,fal_ai,fal-ai/kling-video/v3/text-to-video,omni,1080p,10,1.4000000000000001,200854,0,200854,https://v3b.fal.media/files/b/0a978fc1/jtSdXtK8DNB0diN27wGPH_output.mp4,success,,0,2026-04-24T16:43:09.665Z
P5,slice_13,fal_ai,fal-ai/kling-video/v3/text-to-video,omni,1080p,10,1.4000000000000001,217318,0,217318,https://v3b.fal.media/files/b/0a978fd7/N46Ewz73ldn4OUA2dgZYw_output.mp4,success,,0,2026-04-24T16:46:46.985Z
P5,slice_14,fal_ai,fal-ai/kling-video/v3/text-to-video,omni,1080p,10,1.4000000000000001,185950,0,185950,https://v3b.fal.media/files/b/0a978fea/mAJEVaj_ddMfGP42UBkEx_output.mp4,success,,0,2026-04-24T16:49:52.936Z
P5,slice_1,fal_ai,fal-ai/wan-25-preview/text-to-video,standard,1080p,10,0.5,340252,0,340252,https://v3b.fal.media/files/b/0a97900c/rImOTO5by4TuYxRFrGp8F_pWPzkMog.mp4,success,,0,2026-04-24T16:55:33.188Z
P5,slice_3,fal_ai,fal-ai/wan-25-preview/text-to-video,standard,1080p,10,0.5,314160,0,314160,https://v3b.fal.media/files/b/0a97902c/jKVFOHhWMyo8ZEWsyGDEK_8LpyhwHZ.mp4,success,,0,2026-04-24T17:00:47.349Z
P5,slice_5,fal_ai,fal-ai/wan-25-preview/text-to-video,standard,unknown,10,0,293686,0,0,,failed,fetch failed,2,2026-04-24T17:05:41.036Z
P5,slice_8,fal_ai,fal-ai/wan-25-preview/text-to-video,standard,unknown,10,0,24027,0,0,,failed,fetch failed,2,2026-04-24T17:06:05.063Z
P5,slice_10,fal_ai,fal-ai/wan-25-preview/text-to-video,standard,1080p,10,0.5,334936,0,334935,https://v3b.fal.media/files/b/0a97906c/dpz-qvFc3eIdEFExnzi23_FMku874q.mp4,success,,0,2026-04-24T17:11:39.999Z
P5,slice_2,hedra,character-3,dialogue,720p,10,0.33,180412,0,180411,https://hedra-api-video-7403b54ec46c6386.s3.amazonaws.com/web-app-v2/video/e20ff286-8c5a-59b6-9d29-12881845e7b0/5df6b39e-0e97-4c16-9812-8910cb497dc8.mp4?AWSAccessKeyId=ASIAWPIWCZPJE7GAM26O&Signature=4U0MU08xJW3lc4AAcUWwjnX9cSg%3D&x-amz-security-token=IQoJb3JpZ2luX2VjELf%2F%2F%2F%2F%2F%2F%2F%2F%2F%2FwEaCXVzLXdlc3QtMiJHMEUCIQCL9A0qJPBMHNzEMchw4oHKH%2Blo57FK4l9LJNPzOZq%2BRQIgJC9prNhB3LG9ccBPeqlk1gtOweJwQfA4gVzm%2F0z7vDgqngUIgP%2F%2F%2F%2F%2F%2F%2F%2F%2F%2FARABGgw0NDUxMTIzMDY2NDIiDOPsIWDv3PpBaopSXCryBE0M0Zg4lfA4gWHccCQYS%2BaqzTFB%2BOI29LkZK%2FLfwIH%2BiX%2FVRR4YrNYgz6DVTZFeDVhgwLC3XRxOAzhJzfgTfhA4jbSTWUjVv1XlYJOIHEghe8KA0XARYIHt7VxW7uE0kKj8l8iTUla29QAm4d9R3xd6o5xpR2iwbYKqfiJcD1264LbtMhrRILEUZP5pmeSSq%2FYV5aqjir1GPhxydmvoFjN1RIZrPX0aYUb9AJYDSBjN78f9UyujV7c5IM2%2BtHDw%2BZvq5827MG2GU%2Fr%2FzmlffikaFogRxlCoyb%2BdEzFziycF0aPByDBE1nLojD8Q6tn9IkNTc5iOmXqLk2tk8pBJk7%2FnsFZ%2Fo%2FHGPk4%2FvOn45u8sTqyw2mYQQ0%2B1rMHo48eJq7ys9Dfy6aL30aNdogo4bsFsGQvEHMjhApvYfuzt7VXZdDR2WoTAw29b36oMxsi7L%2BnM%2FUE9AtWT7bpR3YwuL%2BKDv4ZGyYpNOh1PLWZrfNl52NdQxHPZ2MmaVufZ7VBgCQFZrD%2FpXzSFQeSgOzFkfcGi7DoGXPgkXFj6Wb8J1gPnTRbNHGorb2cbrXp0auccvv56SjNVN7eqnqrPMB8lurJ%2F5x4%2BD2PftKRv15bWefrmiGreM2CN%2BQnq9OeSBc22I5CEHqhkJ%2BxHi8OZDIXxCBV6K0SEvT8HBoQrNBqkwv73ditwTck1QcPuZx1xRdSMIKm%2FHhVBKgtFL7N%2BxT0rVQQz0jKzepRT6sJB904Lx8bBIxQdQ1Fl1hBCsTW8SUmC3iykyyGTjEU4pL2aaM7jSbDJ37uvrAX183OY9%2BChmznZcxav%2Fr0A%2FoGIVFHdwjtgPFP4MKaCrs8GOpAB7SvVqx%2FZHpz6CrGkHj0i%2BnNoiMtF3wPyKaNeQx8LnV6TzgD%2F%2Bmr0rYqAKV%2F%2ButRTIFFk5DkE26m7e%2B7g5jYURM2kaMoR9QqI3yXXn9Tg7UuWDZvYfgfVTV3zSfDm2yZ09LxzC3jKlE1SX5IyTOynjJwV2r%2ByGyYk%2FCQnntwRVeM%2FetYvf63YqKd9ZoCoObhs&Expires=1777054491,success,,0,2026-04-24T17:14:55.211Z
P5,slice_4,hedra,character-3,dialogue,720p,10,0.33,208649,0,208649,https://hedra-api-video-7403b54ec46c6386.s3.amazonaws.com/web-app-v2/video/e20ff286-8c5a-59b6-9d29-12881845e7b0/5df4c186-0c79-4f0a-bddc-84f5a5fa50ee.mp4?AWSAccessKeyId=ASIAWPIWCZPJEFRGWWLO&Signature=hGgb38%2FkPMJaH%2FiPZpHGIjm%2BetA%3D&x-amz-security-token=IQoJb3JpZ2luX2VjELf%2F%2F%2F%2F%2F%2F%2F%2F%2F%2FwEaCXVzLXdlc3QtMiJHMEUCIQDL5FUT0eYW9pXxrSP8RmpWJex0QBk1rAhUhprfkpigRwIgDllDOMRH30fvnvsVeYSUUYxKpA4j35g5%2FVrKGnh2pH4qlQUIfxABGgw0NDUxMTIzMDY2NDIiDKFzdeAU8NS3zMkFUiryBPjU6UoPoWQGTFfJ1Qqhcz1yWsgH6WMDfgYl6XdZ6mXBHaKyeEsdDSmnLYdAHNioKRyPePxz2f7FUwcJlG7e2GHhx1axo8NJz2IsC8I5gF85T7ctUgvAujk8XFhBKl1D%2Fa8j96b5Tzt0Gr6VXtvnyHTlNc4HZCzAqOtSeN2jO7cs%2B%2BmvIQH5Uy9RjXUj%2FaxGg42oE%2FriF22VEtsKpIUeK2QOvGmGvVnr7eETGnLzdYV8frqLVXelQjuuJjQ2pjAjl7skb%2FMiuVIwsVhhtuHQNThJh%2FKSttM7jlS6M5WDu2Joi47jVf7uq1qFoCDTWAPdjnLjur6tuNXpxVVaHhQMkG85GvHhh2fQZEnz1z39mZu1Q1nXT%2FOychxpojK4g4tK%2Bb2A1WJGq8HXV2egCmQeENXd08u1CmvRTlkNCxMaXRj24lhAoqWsYb8x7eSqEYIddIB99a37wLSic5QhfqfYQY%2BMz5G1iLTtE1NbvsvTG3YjzwouKYh%2B3wyetwl3WfmgqIsejHcZfYIqrVhP70lcmig9%2BP5xyPu3hS3c4R1KF8zIMf2ogOS3q6SG8IauVgivlIMwUxA6HOPG%2BqqlHMDe%2BNh25pjbCkPYPL0HoJawyMDELlVGPiDm8BdrckHpxv7VTM8K%2FRCckwnpQNS7wdBD%2B5FiURCZs0nI33jnEzXgvUXN5tSuOH2sP83s78EnEnRmHuwSWkzP9F4ckaAMZFBpzg4TJQ5XAvY2RW7VIcI%2BGr6dL6saW%2BM1Hxe9RWiqqSEfnuTqWr6%2BCbauE9L11rX7o7Ehnp8HNjizoPMqEenFO7I3wU1EnFNtpu9Sm07RIiOOGbZkMLr4rc8GOpABuqW94JovqiGtLy9SfeBEUja9%2FpvfzbRlvuixd2DHwYuMJjLf%2FRjQnp0MBcgzv2DL29lrnjQwSZHwNWkWx%2F%2BPcT3%2FdVJbYHF3NnlWF6oOOd3koEKMYVkTirTwoV3gHFFf%2BguN53XsHFnbe4IhYsNxxxptVu9JsU0PXHKSJe0vgztbsnEA1eGRxmZMMq8q8pQe&Expires=1777054701,success,,0,2026-04-24T17:18:23.861Z
P5,slice_6,hedra,character-3,dialogue,720p,10,0.33,175437,0,175437,https://hedra-api-video-7403b54ec46c6386.s3.amazonaws.com/web-app-v2/video/e20ff286-8c5a-59b6-9d29-12881845e7b0/9aa83c82-40c5-44ed-affb-06bdfd656e04.mp4?AWSAccessKeyId=ASIAWPIWCZPJDIHOO3OA&Signature=L2sRW5OpG%2Bn7ZCmsgO6%2FocgL1Us%3D&x-amz-security-token=IQoJb3JpZ2luX2VjELf%2F%2F%2F%2F%2F%2F%2F%2F%2F%2FwEaCXVzLXdlc3QtMiJGMEQCIFmq0qsBGFsi7nm%2FgZPd8NG%2BwJiT59SN3SH26ebDeqxNAiBzY6saV3VNsTrEJvp65l7N24pL0R0%2BuSQtkdbVuyThGyqeBQiA%2F%2F%2F%2F%2F%2F%2F%2F%2F%2F8BEAEaDDQ0NTExMjMwNjY0MiIMfS7g0%2BlsW6Rvz%2FlGKvIEnLVGEtcdofzRMfYysb%2BLStwuttOETXJx%2FIca5aVm6HtHMuGHoHGgJQi4ylo0KlSgrrp2dzbvrhKqVOodRfIqCM9UwcL1Ecla4Fs1kezd8YVQpZFmn8iPMw13La5iYPLIalxpn8ImP4G3LdrdwQS%2BU4Zb9teHj%2FDe64f%2BITbrIccmhPwulyZ0n65bPh6akDdq0S8%2FuLDQCtFMXPIC24yTbfykcee8hTMr4FzFfxriNh3ZCl6y4ZIyITYWLFejQd6EQ3JmUHLxcHUjArZagzX720iExvajeRKdytgUODTwcKcMjfenzWdLY%2B8b%2FyzMHjuocxo05qv5esclKg4bP6WRbcOebEDacbwixi5z2%2FLAUvkNAfYIn9Qy4zrQjd1F%2FqsiBLkklOUfQvF9B5PFv44kSZUIpX0Ma7eSEn2AK6ptci8HC4IvSwCE71TWokuqlKb4BjcEiYnpWyh5TSLd3Naek5uKBLpS53vr7SMTLjdbBK4Qsz%2FZpFwrlIpmj0v%2F%2FYNNOQsF%2Fdxd3qgp3PBwV%2BYorpKBsJkkw2kC1QSr2j7ejknpDpfOswNiZW27wO7wiqrbBErmBe7mimhDMS6vLR6xAgtwgEfSnneaMd9a01TAjiimmHoeGsjDLCKvLREbLUdE8hU%2FETEGiNQ3b9Ta1CiwNQeS1JJT8oFK8oxsM%2F2WaDX1cMbCKpQbaczZLXkKsEqQNXH3gGtaRiQnXXpSPALAQeGdCYDDAIZ1tZDHEUkydPZUEZgh0SAcYcRhld85MfwCsZ6AS1GqPrECno1O66aJAI7AJZQZc6s514YJAAq1JP3toznIhNncteKlUmpQ0voRFx4w1vytzwY6kQEdpFeIntr2uODi2e3FPUdbJ3xT2GjQEqJp2FjiDbmdH6TcXt1mmtxw4ip42AJr5viAPJy7uUExkRrX5fkbQ7VkWEx1hVmf38I2q5sYLyyYVv1MYC83qiOvn4sTm8SptUB%2F%2BrPG7oT9fS48EE%2FYEfCMHgvS7xDoaLKMwc46tiiy0W0n7rjBX0wLlgxq%2FefYJEnG&Expires=1777054875,success,,0,2026-04-24T17:21:19.299Z
P5,slice_7,hedra,character-3,dialogue,720p,10,0.33,176918,0,176918,https://hedra-api-video-7403b54ec46c6386.s3.amazonaws.com/web-app-v2/video/e20ff286-8c5a-59b6-9d29-12881845e7b0/a3888104-9eba-4dc5-a8b4-75d249330dfe.mp4?AWSAccessKeyId=ASIAWPIWCZPJOSRJCTNF&Signature=9wD1gdjTHygeis9ABU8vSjoCBjs%3D&x-amz-security-token=IQoJb3JpZ2luX2VjELf%2F%2F%2F%2F%2F%2F%2F%2F%2F%2FwEaCXVzLXdlc3QtMiJIMEYCIQDBQiLm%2BsPrE29ugf1Q1hPNljZr3xsFQhY38WeNyR4xFgIhAKPBZG8VJV6rn0M0dGc1k%2Blu0zgiI1wW8QrHSJOIbFKkKp4FCID%2F%2F%2F%2F%2F%2F%2F%2F%2F%2FwEQARoMNDQ1MTEyMzA2NjQyIgzamXoRiagNd9mb5Vsq8gSarxBi4di3%2F9Bu4qCXb%2B5Uv6T2nNVB72jr3SfRXLyAuUBh32xpNRLZAz9x23KxKlG4QIkUmM%2FvnP7jbVi1EmiDhj82I2n2VY4dbwakNGGdiOX13ghp1YFPGstg8ZYtiDvED7xKS2zao2YfNCibTFgSufiibmv9AgFNgcdc03OUAKwuAUUxi0%2Bz5BQpYMuAxvdSlHVc5X4AKbmM%2Fn4BqeCvHW%2FX4APO5EGeSQE1ADD6uon%2B%2BDGHH%2FjljAogpAUFivP1wOttlI2eai%2Bf1QGHJXpc0x4zXaLu%2FVnyhn1oKRdZVPnjK9J7rsHnM3wKwbGOmKTq3sFHLxgH%2FM2%2B2pa3TV8Lsrbd8m52vYnUOurW4HTAOxqrzG7Ma5I29SPHIGwh9bAXyTxoRHCJPlRxcVuCdDvlcmtuVfG1Wumetvw5KHkObWOgq%2B7Unwh9tCqLI1b%2FPpb9nei9EnAJwZNonKYGBVZTJ8jWZQd9SbPhWaso%2BtL0Tkp4ZH3LQbSa0bERXrDh4CF%2B1Q6QvSgvL%2BgnuUV5WkAFNRCd23WGJKqD1%2BhDKeDbEQLlaIHNqMkHnX%2FHlKjYnnBzKhBu2qake1zcbI1bSMMW%2B3R6zTxkbupBr8erc0jrtPgXvRspRatycjXdmhbI%2BYxwMn6ngIiuBSfdwmGDZNHmhkfSjQB0PRkuLDGgjhuWxFNLa%2BfQ2MzqlcLKJ0%2BQqZ7oXyO3Fogdaq8ACIWUr9ErubJEfY516RjkERAlI6%2FZ3XWbujIZj95NDIlQa5tP%2Fq68xkqkUxiqrtx7wx88DdSG7%2FwMaKonwu%2Bg3PJ9ptnVhJat%2Bpr0cTA99PK3x0QSae1omzDe%2B63PBjqPAS3kTFqzs4dqjjX3VVU%2BSKXwLZqqoWkCh9uFZSPURwV8QxcV93yezRYrLSKVeiudtZ0XfTIieRiCZ2Xd3s2nV9b4VHdjfJPje%2FBHddGFSnpdGZaht%2F2c3uInOOdSg9KWkaiHzRSAaBl5vm9FEn9HNpWgrAmUIF8%2FFz8Cg7lIxWe9IXXXe8Q%2B93bkMJU8nbfI&Expires=1777055053,success,,0,2026-04-24T17:24:16.217Z
P5,slice_9,hedra,character-3,dialogue,720p,10,0.33,212679,0,212679,https://hedra-api-video-7403b54ec46c6386.s3.amazonaws.com/web-app-v2/video/e20ff286-8c5a-59b6-9d29-12881845e7b0/9f95625f-1485-4a7b-9063-2024f59cee44.mp4?AWSAccessKeyId=ASIAWPIWCZPJHIIJG3VC&Signature=z7TaHqZbvlGfjWXgIy4%2Bh3qd0%2Bg%3D&x-amz-security-token=IQoJb3JpZ2luX2VjELf%2F%2F%2F%2F%2F%2F%2F%2F%2F%2FwEaCXVzLXdlc3QtMiJHMEUCIB%2BIHcKuEbb4R8kDM9gX8eQ6cmmEEgRgC67YbOzcmF%2BLAiEAzqQjRP32UZuyJxOTOILPjqAZ50NlhMg6JncYmTEIDykqngUIgP%2F%2F%2F%2F%2F%2F%2F%2F%2F%2FARABGgw0NDUxMTIzMDY2NDIiDAzWwJvU54JFxzxaYiryBByLm9Lk2bOLlZNGm3oE9nL4VnNoh6cdscCgLLphnhom0MudrZvi9MEDspjs3jt1bj5Be182dnbCYh9NWniJaYNy1xIdgFDx2%2B4NEJK9zWc9bT3m%2FVIVhQcEP85gWQ%2FGmGZBb1U4cnjQxP5xb6HPYxmqSWiumRgN%2BbTUoR%2Bj%2B3lOKAtcogcfApPzgE3nPxNnTWtb3Lac3fQEKOgP9LKAkzLSC2I%2Fd9jJigmBMHuDKrwJR9bpNft7b2RJov5Xc8pJyNDKoY7rl66HtvS8sXhUNWM9pPRp80Ft2idMDM79TPxZjcp5%2BdycITXXbL0Dfo1CEawPSeIdXjc7d6eoeG%2FcmcfbUdz%2FdIhZRuu28PXvwToKXDNCqKKvRV7OcenYOqCR%2FbcbcoANbVBe8QQviBsaXEbTcw%2B1Enbz04qVOeYdcx94tYPSGxfTzTuwZ1ptA%2B%2FDmjsbJCjbpuYOH9elJcriDqvUk7vnYh8z4ySJH5KREdMpU7R9%2F3dduJIMghzCEv5nlZLSbuGaOCNVjKz%2FTNSF3iNT5ijZVL2BCrdG2qcbk2KyR6WjLLaDEPB88tbqwPCfyrxgnXdg4TSk3AkAhWfX1CMObxhoE1BGfVX%2B4faLDiHyxIe7mGiPABl656hV8lwKIncieRtV6Hyx9DHFumg5VP8KUpYQ%2FthjO7%2BdhzEet1izzJRtu2u%2FJQs0YWOcjV8vAhhIW7m0PT9%2Fjx%2BLBUXbFH%2BzFtJAopo6H3wEie8SZFSb8xGLwlwHsuA9j0Nk1P85Y2pzxcS8La18GksKw9gHLT3PywwsDBzgC7HQWqjnyYbTJyB%2BmDStKlo%2FTXvuZeHzZWAzMIv%2Brc8GOpABO9GrApvVNoQp7xed%2B1JKSsWsMeQS%2FvUVrT3FGGWvR1Zd%2FHHWcQwJPAyi5nkmd4FlprO4m8mHcniLUSZhKiDWSUsYAWSmtvQI6XVwsdO29A0SszJvAfAP%2FeEQTs4Yos55aJ7GpAcz74wUG9GAzAZYym1OyPGjg%2BsToOAJnapy7lZpVdrfmCyRNznWWDAd4VHT&Expires=1777055265,success,,0,2026-04-24T17:27:48.897Z
P5,slice_12,hedra,character-3,dialogue,720p,10,0.33,344179,0,344180,https://hedra-api-video-7403b54ec46c6386.s3.amazonaws.com/web-app-v2/video/e20ff286-8c5a-59b6-9d29-12881845e7b0/1d4614a6-9127-480d-9fef-46dddc2c546d.mp4?AWSAccessKeyId=ASIAWPIWCZPJOSRJCTNF&Signature=7cQHQDqy8OfJ%2FniSTdCUIlhYiQE%3D&x-amz-security-token=IQoJb3JpZ2luX2VjELf%2F%2F%2F%2F%2F%2F%2F%2F%2F%2FwEaCXVzLXdlc3QtMiJIMEYCIQDBQiLm%2BsPrE29ugf1Q1hPNljZr3xsFQhY38WeNyR4xFgIhAKPBZG8VJV6rn0M0dGc1k%2Blu0zgiI1wW8QrHSJOIbFKkKp4FCID%2F%2F%2F%2F%2F%2F%2F%2F%2F%2FwEQARoMNDQ1MTEyMzA2NjQyIgzamXoRiagNd9mb5Vsq8gSarxBi4di3%2F9Bu4qCXb%2B5Uv6T2nNVB72jr3SfRXLyAuUBh32xpNRLZAz9x23KxKlG4QIkUmM%2FvnP7jbVi1EmiDhj82I2n2VY4dbwakNGGdiOX13ghp1YFPGstg8ZYtiDvED7xKS2zao2YfNCibTFgSufiibmv9AgFNgcdc03OUAKwuAUUxi0%2Bz5BQpYMuAxvdSlHVc5X4AKbmM%2Fn4BqeCvHW%2FX4APO5EGeSQE1ADD6uon%2B%2BDGHH%2FjljAogpAUFivP1wOttlI2eai%2Bf1QGHJXpc0x4zXaLu%2FVnyhn1oKRdZVPnjK9J7rsHnM3wKwbGOmKTq3sFHLxgH%2FM2%2B2pa3TV8Lsrbd8m52vYnUOurW4HTAOxqrzG7Ma5I29SPHIGwh9bAXyTxoRHCJPlRxcVuCdDvlcmtuVfG1Wumetvw5KHkObWOgq%2B7Unwh9tCqLI1b%2FPpb9nei9EnAJwZNonKYGBVZTJ8jWZQd9SbPhWaso%2BtL0Tkp4ZH3LQbSa0bERXrDh4CF%2B1Q6QvSgvL%2BgnuUV5WkAFNRCd23WGJKqD1%2BhDKeDbEQLlaIHNqMkHnX%2FHlKjYnnBzKhBu2qake1zcbI1bSMMW%2B3R6zTxkbupBr8erc0jrtPgXvRspRatycjXdmhbI%2BYxwMn6ngIiuBSfdwmGDZNHmhkfSjQB0PRkuLDGgjhuWxFNLa%2BfQ2MzqlcLKJ0%2BQqZ7oXyO3Fogdaq8ACIWUr9ErubJEfY516RjkERAlI6%2FZ3XWbujIZj95NDIlQa5tP%2Fq68xkqkUxiqrtx7wx88DdSG7%2FwMaKonwu%2Bg3PJ9ptnVhJat%2Bpr0cTA99PK3x0QSae1omzDe%2B63PBjqPAS3kTFqzs4dqjjX3VVU%2BSKXwLZqqoWkCh9uFZSPURwV8QxcV93yezRYrLSKVeiudtZ0XfTIieRiCZ2Xd3s2nV9b4VHdjfJPje%2FBHddGFSnpdGZaht%2F2c3uInOOdSg9KWkaiHzRSAaBl5vm9FEn9HNpWgrAmUIF8%2FFz8Cg7lIxWe9IXXXe8Q%2B93bkMJU8nbfI&Expires=1777055609,success,,0,2026-04-24T17:33:33.077Z
P5,slice_15,hedra,character-3,dialogue,720p,10,0.33,209857,0,209858,https://hedra-api-video-7403b54ec46c6386.s3.amazonaws.com/web-app-v2/video/e20ff286-8c5a-59b6-9d29-12881845e7b0/3623cdf7-c752-480c-be10-f11749db7578.mp4?AWSAccessKeyId=ASIAWPIWCZPJDIHOO3OA&Signature=e%2B7iw%2BY6S%2BOLaEDwfMZaBcJCqY8%3D&x-amz-security-token=IQoJb3JpZ2luX2VjELf%2F%2F%2F%2F%2F%2F%2F%2F%2F%2FwEaCXVzLXdlc3QtMiJGMEQCIFmq0qsBGFsi7nm%2FgZPd8NG%2BwJiT59SN3SH26ebDeqxNAiBzY6saV3VNsTrEJvp65l7N24pL0R0%2BuSQtkdbVuyThGyqeBQiA%2F%2F%2F%2F%2F%2F%2F%2F%2F%2F8BEAEaDDQ0NTExMjMwNjY0MiIMfS7g0%2BlsW6Rvz%2FlGKvIEnLVGEtcdofzRMfYysb%2BLStwuttOETXJx%2FIca5aVm6HtHMuGHoHGgJQi4ylo0KlSgrrp2dzbvrhKqVOodRfIqCM9UwcL1Ecla4Fs1kezd8YVQpZFmn8iPMw13La5iYPLIalxpn8ImP4G3LdrdwQS%2BU4Zb9teHj%2FDe64f%2BITbrIccmhPwulyZ0n65bPh6akDdq0S8%2FuLDQCtFMXPIC24yTbfykcee8hTMr4FzFfxriNh3ZCl6y4ZIyITYWLFejQd6EQ3JmUHLxcHUjArZagzX720iExvajeRKdytgUODTwcKcMjfenzWdLY%2B8b%2FyzMHjuocxo05qv5esclKg4bP6WRbcOebEDacbwixi5z2%2FLAUvkNAfYIn9Qy4zrQjd1F%2FqsiBLkklOUfQvF9B5PFv44kSZUIpX0Ma7eSEn2AK6ptci8HC4IvSwCE71TWokuqlKb4BjcEiYnpWyh5TSLd3Naek5uKBLpS53vr7SMTLjdbBK4Qsz%2FZpFwrlIpmj0v%2F%2FYNNOQsF%2Fdxd3qgp3PBwV%2BYorpKBsJkkw2kC1QSr2j7ejknpDpfOswNiZW27wO7wiqrbBErmBe7mimhDMS6vLR6xAgtwgEfSnneaMd9a01TAjiimmHoeGsjDLCKvLREbLUdE8hU%2FETEGiNQ3b9Ta1CiwNQeS1JJT8oFK8oxsM%2F2WaDX1cMbCKpQbaczZLXkKsEqQNXH3gGtaRiQnXXpSPALAQeGdCYDDAIZ1tZDHEUkydPZUEZgh0SAcYcRhld85MfwCsZ6AS1GqPrECno1O66aJAI7AJZQZc6s514YJAAq1JP3toznIhNncteKlUmpQ0voRFx4w1vytzwY6kQEdpFeIntr2uODi2e3FPUdbJ3xT2GjQEqJp2FjiDbmdH6TcXt1mmtxw4ip42AJr5viAPJy7uUExkRrX5fkbQ7VkWEx1hVmf38I2q5sYLyyYVv1MYC83qiOvn4sTm8SptUB%2F%2BrPG7oT9fS48EE%2FYEfCMHgvS7xDoaLKMwc46tiiy0W0n7rjBX0wLlgxq%2FefYJEnG&Expires=1777055819,success,,0,2026-04-24T17:37:02.935Z
P5,slice_16,hedra,character-3,dialogue,720p,10,0.33,180065,0,180065,https://hedra-api-video-7403b54ec46c6386.s3.amazonaws.com/web-app-v2/video/e20ff286-8c5a-59b6-9d29-12881845e7b0/dc25d629-f8e7-43fe-8a09-7ffbde795375.mp4?AWSAccessKeyId=ASIAWPIWCZPJE7GAM26O&Signature=bakghFODRDW5d19mLs9GWH0vEYU%3D&x-amz-security-token=IQoJb3JpZ2luX2VjELf%2F%2F%2F%2F%2F%2F%2F%2F%2F%2FwEaCXVzLXdlc3QtMiJHMEUCIQCL9A0qJPBMHNzEMchw4oHKH%2Blo57FK4l9LJNPzOZq%2BRQIgJC9prNhB3LG9ccBPeqlk1gtOweJwQfA4gVzm%2F0z7vDgqngUIgP%2F%2F%2F%2F%2F%2F%2F%2F%2F%2FARABGgw0NDUxMTIzMDY2NDIiDOPsIWDv3PpBaopSXCryBE0M0Zg4lfA4gWHccCQYS%2BaqzTFB%2BOI29LkZK%2FLfwIH%2BiX%2FVRR4YrNYgz6DVTZFeDVhgwLC3XRxOAzhJzfgTfhA4jbSTWUjVv1XlYJOIHEghe8KA0XARYIHt7VxW7uE0kKj8l8iTUla29QAm4d9R3xd6o5xpR2iwbYKqfiJcD1264LbtMhrRILEUZP5pmeSSq%2FYV5aqjir1GPhxydmvoFjN1RIZrPX0aYUb9AJYDSBjN78f9UyujV7c5IM2%2BtHDw%2BZvq5827MG2GU%2Fr%2FzmlffikaFogRxlCoyb%2BdEzFziycF0aPByDBE1nLojD8Q6tn9IkNTc5iOmXqLk2tk8pBJk7%2FnsFZ%2Fo%2FHGPk4%2FvOn45u8sTqyw2mYQQ0%2B1rMHo48eJq7ys9Dfy6aL30aNdogo4bsFsGQvEHMjhApvYfuzt7VXZdDR2WoTAw29b36oMxsi7L%2BnM%2FUE9AtWT7bpR3YwuL%2BKDv4ZGyYpNOh1PLWZrfNl52NdQxHPZ2MmaVufZ7VBgCQFZrD%2FpXzSFQeSgOzFkfcGi7DoGXPgkXFj6Wb8J1gPnTRbNHGorb2cbrXp0auccvv56SjNVN7eqnqrPMB8lurJ%2F5x4%2BD2PftKRv15bWefrmiGreM2CN%2BQnq9OeSBc22I5CEHqhkJ%2BxHi8OZDIXxCBV6K0SEvT8HBoQrNBqkwv73ditwTck1QcPuZx1xRdSMIKm%2FHhVBKgtFL7N%2BxT0rVQQz0jKzepRT6sJB904Lx8bBIxQdQ1Fl1hBCsTW8SUmC3iykyyGTjEU4pL2aaM7jSbDJ37uvrAX183OY9%2BChmznZcxav%2Fr0A%2FoGIVFHdwjtgPFP4MKaCrs8GOpAB7SvVqx%2FZHpz6CrGkHj0i%2BnNoiMtF3wPyKaNeQx8LnV6TzgD%2F%2Bmr0rYqAKV%2F%2ButRTIFFk5DkE26m7e%2B7g5jYURM2kaMoR9QqI3yXXn9Tg7UuWDZvYfgfVTV3zSfDm2yZ09LxzC3jKlE1SX5IyTOynjJwV2r%2ByGyYk%2FCQnntwRVeM%2FetYvf63YqKd9ZoCoObhs&Expires=1777055999,success,,0,2026-04-24T17:40:03.000Z
P5,slice_17,hedra,character-3,dialogue,720p,10,0.33,211348,0,211347,https://hedra-api-video-7403b54ec46c6386.s3.amazonaws.com/web-app-v2/video/e20ff286-8c5a-59b6-9d29-12881845e7b0/80ceba74-46e7-4025-b1fc-398f83f1ea06.mp4?AWSAccessKeyId=ASIAWPIWCZPJE7GAM26O&Signature=3G7PiygiLpVMncJCFBb6VE%2FUsEw%3D&x-amz-security-token=IQoJb3JpZ2luX2VjELf%2F%2F%2F%2F%2F%2F%2F%2F%2F%2FwEaCXVzLXdlc3QtMiJHMEUCIQCL9A0qJPBMHNzEMchw4oHKH%2Blo57FK4l9LJNPzOZq%2BRQIgJC9prNhB3LG9ccBPeqlk1gtOweJwQfA4gVzm%2F0z7vDgqngUIgP%2F%2F%2F%2F%2F%2F%2F%2F%2F%2FARABGgw0NDUxMTIzMDY2NDIiDOPsIWDv3PpBaopSXCryBE0M0Zg4lfA4gWHccCQYS%2BaqzTFB%2BOI29LkZK%2FLfwIH%2BiX%2FVRR4YrNYgz6DVTZFeDVhgwLC3XRxOAzhJzfgTfhA4jbSTWUjVv1XlYJOIHEghe8KA0XARYIHt7VxW7uE0kKj8l8iTUla29QAm4d9R3xd6o5xpR2iwbYKqfiJcD1264LbtMhrRILEUZP5pmeSSq%2FYV5aqjir1GPhxydmvoFjN1RIZrPX0aYUb9AJYDSBjN78f9UyujV7c5IM2%2BtHDw%2BZvq5827MG2GU%2Fr%2FzmlffikaFogRxlCoyb%2BdEzFziycF0aPByDBE1nLojD8Q6tn9IkNTc5iOmXqLk2tk8pBJk7%2FnsFZ%2Fo%2FHGPk4%2FvOn45u8sTqyw2mYQQ0%2B1rMHo48eJq7ys9Dfy6aL30aNdogo4bsFsGQvEHMjhApvYfuzt7VXZdDR2WoTAw29b36oMxsi7L%2BnM%2FUE9AtWT7bpR3YwuL%2BKDv4ZGyYpNOh1PLWZrfNl52NdQxHPZ2MmaVufZ7VBgCQFZrD%2FpXzSFQeSgOzFkfcGi7DoGXPgkXFj6Wb8J1gPnTRbNHGorb2cbrXp0auccvv56SjNVN7eqnqrPMB8lurJ%2F5x4%2BD2PftKRv15bWefrmiGreM2CN%2BQnq9OeSBc22I5CEHqhkJ%2BxHi8OZDIXxCBV6K0SEvT8HBoQrNBqkwv73ditwTck1QcPuZx1xRdSMIKm%2FHhVBKgtFL7N%2BxT0rVQQz0jKzepRT6sJB904Lx8bBIxQdQ1Fl1hBCsTW8SUmC3iykyyGTjEU4pL2aaM7jSbDJ37uvrAX183OY9%2BChmznZcxav%2Fr0A%2FoGIVFHdwjtgPFP4MKaCrs8GOpAB7SvVqx%2FZHpz6CrGkHj0i%2BnNoiMtF3wPyKaNeQx8LnV6TzgD%2F%2Bmr0rYqAKV%2F%2ButRTIFFk5DkE26m7e%2B7g5jYURM2kaMoR9QqI3yXXn9Tg7UuWDZvYfgfVTV3zSfDm2yZ09LxzC3jKlE1SX5IyTOynjJwV2r%2ByGyYk%2FCQnntwRVeM%2FetYvf63YqKd9ZoCoObhs&Expires=1777056211,success,,0,2026-04-24T17:43:34.348Z
P5,slice_18,hedra,character-3,dialogue,720p,10,0.33,246617,0,246616,https://hedra-api-video-7403b54ec46c6386.s3.amazonaws.com/web-app-v2/video/e20ff286-8c5a-59b6-9d29-12881845e7b0/b877ac63-6bda-4bb1-be9f-556ae4a87c9f.mp4?AWSAccessKeyId=ASIAWPIWCZPJE7GAM26O&Signature=k5oY%2B5M6UxV6Ugzw1HvPNuefjkw%3D&x-amz-security-token=IQoJb3JpZ2luX2VjELf%2F%2F%2F%2F%2F%2F%2F%2F%2F%2FwEaCXVzLXdlc3QtMiJHMEUCIQCL9A0qJPBMHNzEMchw4oHKH%2Blo57FK4l9LJNPzOZq%2BRQIgJC9prNhB3LG9ccBPeqlk1gtOweJwQfA4gVzm%2F0z7vDgqngUIgP%2F%2F%2F%2F%2F%2F%2F%2F%2F%2FARABGgw0NDUxMTIzMDY2NDIiDOPsIWDv3PpBaopSXCryBE0M0Zg4lfA4gWHccCQYS%2BaqzTFB%2BOI29LkZK%2FLfwIH%2BiX%2FVRR4YrNYgz6DVTZFeDVhgwLC3XRxOAzhJzfgTfhA4jbSTWUjVv1XlYJOIHEghe8KA0XARYIHt7VxW7uE0kKj8l8iTUla29QAm4d9R3xd6o5xpR2iwbYKqfiJcD1264LbtMhrRILEUZP5pmeSSq%2FYV5aqjir1GPhxydmvoFjN1RIZrPX0aYUb9AJYDSBjN78f9UyujV7c5IM2%2BtHDw%2BZvq5827MG2GU%2Fr%2FzmlffikaFogRxlCoyb%2BdEzFziycF0aPByDBE1nLojD8Q6tn9IkNTc5iOmXqLk2tk8pBJk7%2FnsFZ%2Fo%2FHGPk4%2FvOn45u8sTqyw2mYQQ0%2B1rMHo48eJq7ys9Dfy6aL30aNdogo4bsFsGQvEHMjhApvYfuzt7VXZdDR2WoTAw29b36oMxsi7L%2BnM%2FUE9AtWT7bpR3YwuL%2BKDv4ZGyYpNOh1PLWZrfNl52NdQxHPZ2MmaVufZ7VBgCQFZrD%2FpXzSFQeSgOzFkfcGi7DoGXPgkXFj6Wb8J1gPnTRbNHGorb2cbrXp0auccvv56SjNVN7eqnqrPMB8lurJ%2F5x4%2BD2PftKRv15bWefrmiGreM2CN%2BQnq9OeSBc22I5CEHqhkJ%2BxHi8OZDIXxCBV6K0SEvT8HBoQrNBqkwv73ditwTck1QcPuZx1xRdSMIKm%2FHhVBKgtFL7N%2BxT0rVQQz0jKzepRT6sJB904Lx8bBIxQdQ1Fl1hBCsTW8SUmC3iykyyGTjEU4pL2aaM7jSbDJ37uvrAX183OY9%2BChmznZcxav%2Fr0A%2FoGIVFHdwjtgPFP4MKaCrs8GOpAB7SvVqx%2FZHpz6CrGkHj0i%2BnNoiMtF3wPyKaNeQx8LnV6TzgD%2F%2Bmr0rYqAKV%2F%2ButRTIFFk5DkE26m7e%2B7g5jYURM2kaMoR9QqI3yXXn9Tg7UuWDZvYfgfVTV3zSfDm2yZ09LxzC3jKlE1SX5IyTOynjJwV2r%2ByGyYk%2FCQnntwRVeM%2FetYvf63YqKd9ZoCoObhs&Expires=1777056457,success,,0,2026-04-24T17:47:40.966Z
